,,,Q_4463,Q_4474,Q_4472,Q_4464,Q_4959,Q_4475,Q_4473,Q_4465,Q_4466,Q_4467,Q_4468,Q_4469,Q_4470,Q_4471,Q_5295,Q_4476,Q_4481,Q_4958,Q_4477,Q_4478,Q_4482,Q_4479,Q_4483,Q_4480,"External ID"
,,,sleepy_now,feel_then1,stress_whynot,mood_now,N/A,feel_now1,stress_whynot2,where_now,who_now,wellbeing_intro,doing_now,enjoy_now,stress_intro,N/A,stressor_type,N/A,dotmemory_UUID,colornaming_UUID,N/A,distract_now,symbolsearch_UUID,distract_what,shoppinglist_UUID,N/A
"Survey Date Submitted","Survey Date Completed","Participant ID","Which of these best describes how you feel <u>right now</u>?","How unpleasant was it when it happened?","Why do you think nothing stressful happened?","Which of these best describes your overall mood <u>right now</u>?","Test informational question","How do you feel about it now?","Even though nothing stressful happened, did you think  about stressful things?","Where are you?","Who are you with?","The next questions ask about your activities and experiences during the  time since the last survey.","What activities have you done?","How much enjoyment have you had?","The next several question ask about STRESSFUL experiences that may  have happened since the last survey. A STRESSFUL experience is any experience that presented a challenge or affected  you negatively.","Did anything STRESSFUL happen? (Please indicate the most significant  experience)","Did anything STRESSFUL happen? (Please indicate the most significant  experience)","Thank you for completing the survey. Now, get ready to play some brain  games!","Press the 'Begin' button to start the Dot Memory test.","Press the 'Begin' button to begin the Color Naming test.","While you were playing the brain games...","Were you distracted by anything in your environment while  performing the brain games?","Press the 'Begin' button to begin the Symbol Search test.","Please identify anything that distracted you. (Select all that apply)","Press 'Begin' to start the Shopping List test.","End Block"
"2021-11-09 19:11:40","2021-11-09 19:11:40",clag-tu3yc,24.00,26.00,N/A,83.00,N/A,88.00,N/A,4,4,N/A,"4,6,11",17.00,N/A,2,N/A,N/A,1d45e79c-3739-4f78-ba2a-0f884504f2a0,N/A,N/A,N/A,N/A,N/A,N/A,N/A,N/A
"2021-11-12 08:33:58","2021-11-12 08:33:58",kris-72jg1,76.00,81.00,N/A,28.00,N/A,76.00,N/A,4,5,N/A,"4,6",N/A,N/A,4,N/A,N/A,e12656fa-f4ee-4cec-9801-33775f316fb6,N/A,N/A,N/A,N/A,N/A,N/A,N/A,N/A
"2021-11-12 09:32:34","2021-11-12 09:32:34",norm-sv3iv,73.00,18.00,N/A,74.00,N/A,10.00,N/A,5,"5,3,7,9,8,10,6",N/A,"3,4,6,9,12",71.00,N/A,7,N/A,N/A,756b7354-4f3c-4e0f-8d07-546e5cc6b923,N/A,N/A,2,344b4dd3-ec05-4958-8e51-6a19fe613b64,N/A,f2e1b25b-31d5-4878-b341-fe2b32d29630,N/A,N/A
"2021-11-12 09:40:29","2021-11-12 09:40:29",oxen-bz2c5,17.00,76.00,N/A,51.00,N/A,26.00,N/A,1,1,N/A,"4,8,9,10,3",26.00,N/A,10,N/A,N/A,d22cd0f1-986d-4d95-934d-c0be7717149a,N/A,N/A,2,fc033599-3738-4eba-af2d-594522ca6523,N/A,17697e0c-8f78-406d-9680-eea988ca944f,N/A,N/A
"2021-11-12 09:54:55","2021-11-12 09:54:54",kris-72jg1,88.00,81.00,N/A,24.00,N/A,29.00,N/A,6,5,N/A,3,80.00,N/A,4,N/A,N/A,3d3cc2f7-e4f2-47a9-9082-d6365cdf9ffc,N/A,N/A,1,ff5cd505-6554-4850-8867-eb7b5ea9fc26,3,a4f7ea8f-339c-4a16-9f80-1a0a6e2dc2ea,N/A,N/A
"2021-11-12 10:20:33","2021-11-12 10:20:32",dreck-hx12h,65.58,24.79,"7,6",67.28,N/A,63.31,76.35,1,1,NA,"3,4",25.50,NA,3,N/A,NA,740EEB63-6AC1-4446-A613-A1920569BBA6,N/A,NA,2,526457A8-A603-4030-8090-B5A2298B7DBA,N/A,55508892-F6C8-49E3-A55D-A65D222CA616,N/A,N/A
"2021-11-12 10:31:33","2021-11-12 10:31:33",dreck-hx12h,66.43,N/A,N/A,69.41,N/A,N/A,N/A,1,1,NA,11,74.93,NA,3,N/A,NA,AA019E83-B9E5-4DE8-9AA7-EC7922F32ADC,N/A,NA,2,"3C7A81E8-F331-417E-94B2-6C9F21A61232,3910B68F-69D2-4E17-95B2-F79B87A47000,7E0D635B-FEE4-486D-A33E-CD6189DA6C94,5E2A0B0E-4965-437A-B7FD-3789EC6A14D2",N/A,N/A,N/A,N/A
"2021-11-12 10:31:55","2021-11-12 10:31:55",kris-72jg1,76.00,73.00,N/A,22.00,N/A,24.00,N/A,4,"3,6",N/A,"3,2",79.00,N/A,3,N/A,N/A,N/A,N/A,N/A,N/A,N/A,N/A,N/A,N/A,N/A
"2021-11-12 10:49:25","2021-11-12 10:49:23",caff-iy71i,78.75,24.65,2,19.97,N/A,77.62,75.50,5,"2,5",NA,"2,4",81.30,NA,5,N/A,NA,D612E95E-3806-4360-84FC-C11398D7205F,N/A,N/A,N/A,C40F3A2A-22A4-4391-BB5A-66900F968116,N/A,N/A,N/A,N/A
"2021-11-12 10:49:25","2021-11-12 10:49:23",caff-iy71i,75.07,N/A,N/A,21.25,N/A,N/A,N/A,4,4,NA,4,70.68,NA,3,N/A,N/A,N/A,N/A,N/A,N/A,N/A,N/A,N/A,N/A,N/A
"2021-11-12 11:25:42","2021-11-12 11:25:41",goby-sw3fc,63.00,N/A,3,34.00,N/A,N/A,66.00,1,1,N/A,3,31.00,N/A,1,N/A,N/A,374abc4a-1b6a-42c7-bacf-0caea433abeb,N/A,N/A,2,0c099864-3211-4d1c-b04d-f9c26095d15e,N/A,e9b14b45-ff6c-4528-9339-71c4aa8f8b00,N/A,N/A
"2021-11-12 11:25:42","2021-11-12 11:25:41",dreck-hx12h,81.44,79.89,2,80.45,N/A,81.30,76.91,1,1,NA,1,80.03,NA,2,N/A,NA,CD3E6FAF-8374-489D-841E-60A10D91F8E7,N/A,NA,2,"8C4FB2A9-8B77-44F8-8943-6C7AAFBAC626,23577639-D7B9-4D33-B3D4-A1E3354DE4D9",N/A,EE2A47A3-7D06-403E-86C6-356BA0F713AF,N/A,N/A
"2021-11-12 11:25:42","2021-11-12 11:25:41",dreck-hx12h,73.23,81.30,1,80.03,N/A,68.98,81.02,1,1,NA,1,74.79,NA,1,N/A,NA,N/A,N/A,N/A,N/A,N/A,N/A,N/A,N/A,N/A
"2021-11-12 11:25:42","2021-11-12 11:25:41",dreck-hx12h,62.75,75.35,6,35.13,N/A,75.92,66.71,1,1,NA,3,26.06,NA,3,N/A,NA,N/A,N/A,N/A,N/A,N/A,N/A,N/A,N/A,N/A
"2021-11-12 11:32:56","2021-11-12 11:32:56",norm-sv3iv,70.00,77.00,N/A,78.00,N/A,17.00,N/A,2,"9,7,4,10",N/A,"2,4,5,8",77.00,N/A,10,N/A,N/A,2e3b706a-ca01-4c75-9e17-e4bc29b10ba9,N/A,N/A,2,7d6c0606-0cc6-452b-8093-7c32358b3c8f,N/A,7695cd6c-3b3b-45bd-9aba-4aebad6e04fc,N/A,N/A
"2021-11-15 08:45:28","2021-11-15 08:45:28",areas-4ib13,73.80,9.07,3,21.25,N/A,80.03,80.88,5,2,NA,3,79.46,NA,3,N/A,NA,N/A,N/A,N/A,N/A,N/A,N/A,N/A,N/A,N/A
"2021-11-15 08:45:29","2021-11-15 08:45:28",areas-4ib13,74.65,20.54,4,30.03,N/A,81.16,78.75,5,5,NA,3,76.91,NA,3,N/A,NA,A37167CD-482A-4052-8C24-659F191090FA,N/A,N/A,N/A,2B75804A-F980-4578-A3F4-5613C12C2832,N/A,N/A,N/A,N/A
"2021-11-15 10:42:40","2021-11-15 10:42:40",oxen-bz2c5,N/A,N/A,N/A,N/A,N/A,N/A,N/A,N/A,N/A,N/A,N/A,N/A,N/A,N/A,N/A,N/A,03af2bde-195c-4a0f-84ef-c69b8afdce56,N/A,N/A,N/A,N/A,N/A,N/A,N/A,N/A
"2021-11-16 19:55:52","2021-11-16 19:55:52",areas-4ib13,27.76,27.62,4,27.05,N/A,74.36,72.52,3,"4,2",NA,5,20.96,NA,3,N/A,NA,N/A,N/A,N/A,N/A,5374E1AD-53E7-4AD0-855C-FCD87D2B2269,N/A,N/A,N/A,N/A
"2021-11-16 19:57:14","2021-11-16 19:57:13",areas-4ib13,82.72,76.06,4,28.47,N/A,23.65,75.92,4,4,NA,1,79.75,NA,3,N/A,NA,N/A,N/A,NA,1,N/A,"4,2",N/A,N/A,N/A
"2021-11-16 20:00:38","2021-11-16 20:00:38",dully-9eg2z,87.00,82.00,N/A,21.00,N/A,19.00,N/A,5,5,N/A,4,90.00,N/A,4,N/A,N/A,a2f97123-1520-402c-a478-bccce1776e68,N/A,N/A,2,N/A,N/A,N/A,N/A,N/A
"2021-11-16 20:05:23","2021-11-16 20:05:22",fahs-14sm9,79.18,82.29,4,23.80,N/A,29.04,72.52,5,5,NA,5,76.91,NA,6,N/A,NA,N/A,N/A,NA,1,N/A,5,N/A,N/A,N/A
"2021-11-19 16:54:54","2021-11-19 16:54:55",dully-9eg2z,66.00,79.00,N/A,N/A,N/A,27.00,N/A,N/A,N/A,N/A,N/A,25.00,N/A,7,N/A,N/A,684b0d5c-4d15-4760-a8ad-478ec6834766,N/A,N/A,2,N/A,N/A,N/A,N/A,N/A
"2021-11-20 08:54:57","2021-11-20 08:54:57",dully-9eg2z,76.00,85.00,N/A,28.00,N/A,28.00,N/A,5,5,N/A,4,71.00,N/A,3,N/A,N/A,1d36e15c-c632-471b-918c-323df42ce88c,N/A,N/A,N/A,N/A,N/A,N/A,N/A,N/A
"2021-11-22 14:37:44","2021-11-22 14:36:52",bloom-6fo1c,89.00,85.00,N/A,26.00,N/A,16.00,N/A,5,6,N/A,3,87.00,N/A,4,N/A,N/A,N/A,N/A,N/A,N/A,2c86548b-5023-4725-87ee-64b214ff4bfe,N/A,N/A,N/A,N/A
"2021-11-24 07:29:38","2021-11-24 07:29:35",reed-a59i2,48.00,85.00,N/A,85.00,N/A,19.00,N/A,1,4,N/A,4,79.00,N/A,3,N/A,N/A,61dcaa07-27fa-4af0-9ad3-c8503775e994,N/A,N/A,1,eb587223-b478-4736-8827-6a3777212f8e,4,c437deb1-71a2-44c4-8e8f-9f34feca6850,N/A,N/A
"2021-11-29 13:46:24","2021-11-29 13:45:22",meds-25rc1,83.00,78.00,N/A,23.00,N/A,17.00,N/A,5,5,N/A,3,73.00,N/A,2,N/A,N/A,N/A,N/A,N/A,N/A,N/A,N/A,N/A,N/A,N/A
"2021-11-29 19:12:55","2021-11-29 19:12:56",comp-pg7y7,90.00,76.00,N/A,18.00,N/A,17.00,N/A,3,5,N/A,4,77.00,N/A,3,N/A,N/A,45593890-f227-4078-970f-6ecf03a6c833,N/A,N/A,1,e4623954-1ffd-419c-9f94-817f5922da53,4,fcb8c556-7982-4459-a5a3-2573e95bbae2,N/A,N/A
"2021-12-03 09:11:47","2021-12-02 13:40:51",comp-pg7y7,31.00,72.00,N/A,78.00,N/A,24.00,N/A,4,5,N/A,3,73.00,N/A,2,N/A,N/A,2fc02d34-d587-438d-a704-d23992e954bb,N/A,N/A,N/A,db3c4ac4-24ff-4756-b103-3a7474b45766,N/A,N/A,N/A,N/A
"2021-12-06 09:39:37","2021-12-06 09:39:34",cupid-yt82o,85.00,83.00,N/A,16.00,N/A,17.00,N/A,4,6,N/A,3,78.00,N/A,3,N/A,N/A,6319b732-fed9-443b-98cd-66d55fe09d23,N/A,N/A,2,9c9295a6-571c-47d1-9b85-91f605066bef,N/A,b3ea8abc-850e-47cd-bb47-4b9e341f8fa9,N/A,N/A
"2021-12-06 11:59:11","2021-12-06 11:59:10",aurei-kt0kp,80.00,23.00,N/A,8.00,N/A,75.00,N/A,5,5,N/A,"7,12",74.00,N/A,6,N/A,N/A,N/A,ade5f9f3-7b8b-44e6-9344-b73b1991d8ff,N/A,N/A,N/A,N/A,N/A,N/A,N/A
"2021-12-06 11:59:11","2021-12-06 11:38:16",aurei-kt0kp,67.00,72.00,N/A,25.00,N/A,24.00,N/A,7,"5,6",N/A,11,70.00,N/A,4,N/A,N/A,N/A,N/A,N/A,N/A,N/A,N/A,N/A,N/A,N/A
"2021-12-06 12:13:30","2021-12-06 12:13:30",aurei-kt0kp,27.00,N/A,N/A,87.00,N/A,N/A,N/A,N/A,N/A,N/A,N/A,N/A,N/A,N/A,N/A,N/A,N/A,N/A,N/A,N/A,N/A,N/A,N/A,N/A,N/A
"2021-12-06 16:19:14","2021-12-06 16:19:12",daces-zr7cc,21.00,12.00,N/A,17.00,N/A,58.00,N/A,5,5,N/A,3,18.00,N/A,4,N/A,N/A,b20de3fc-fd81-416c-926d-c7867af40c84,77043c7b-7c88-4da4-81d7-230320ed9f55,N/A,N/A,N/A,N/A,N/A,N/A,N/A
"2021-12-06 16:44:25","2021-12-06 16:44:21",forex-n8y1p,21.00,16.00,N/A,18.00,N/A,83.00,N/A,6,4,N/A,2,87.00,N/A,3,N/A,N/A,eda42d2c-1f90-456c-a103-b05d6f900fec,f5112fc8-3b2d-4407-924b-3077dc1e12c5,N/A,N/A,N/A,N/A,N/A,N/A,9999
"2021-12-06 16:45:23","2021-12-06 16:45:22",forex-n8y1p,16.00,21.00,N/A,77.00,N/A,88.00,N/A,N/A,3,N/A,3,84.00,N/A,3,N/A,N/A,N/A,N/A,N/A,N/A,N/A,N/A,N/A,N/A,9999
"2021-12-06 17:18:15","2021-12-06 17:18:17",ichs-3h8f7,N/A,N/A,N/A,N/A,N/A,N/A,N/A,N/A,N/A,N/A,N/A,N/A,N/A,N/A,N/A,N/A,N/A,N/A,N/A,N/A,N/A,N/A,N/A,N/A,9999
"2021-12-06 17:24:23","2021-12-06 17:24:19",forex-n8y1p,20.00,14.00,N/A,76.00,N/A,16.00,N/A,5,7,N/A,3,76.00,N/A,4,N/A,N/A,d392f4df-1bf5-49d9-b2fd-5ca8935b2c61,39f9bc0d-6fe5-4772-acf4-7e3207a37fc0,N/A,1,f746520f-4baa-48a1-837e-4a845fc01ac2,3,d764935f-d679-4210-bbbd-141a5f4d9421,N/A,9999
"2021-12-06 18:25:20","2021-12-06 18:25:19",forex-n8y1p,83.00,13.00,N/A,24.00,N/A,84.00,N/A,5,5,N/A,4,73.00,N/A,5,N/A,N/A,N/A,7f275ca8-c274-4c35-8f59-db4e46637673,N/A,N/A,N/A,N/A,N/A,N/A,9999
"2021-12-06 20:18:32","2021-12-06 20:18:32",blink-d2y7q,87.68,80.45,5,17.28,N/A,25.78,80.17,6,3,NA,5,76.35,NA,4,N/A,NA,970C07CD-C8B9-41DB-8EB7-B2C9D3C2BD59,2F30D264-D8EB-4785-BBD5-40A929A0724B,NA,1,98834E33-B156-4C13-B9F5-E8EF91A617E6,3,96E8A01F-E1A4-4342-BBF0-20F19CE9A91F,N/A,9999
"2021-12-06 20:18:32","2021-12-06 20:18:32",blink-d2y7q,83.57,23.80,5,88.67,N/A,81.73,19.97,6,3,NA,3,84.84,NA,4,N/A,NA,A0EB3FC0-DFDA-49A3-9169-F4831FDDA798,31ADC1F2-6404-4974-ACA2-B09431A8B328,N/A,N/A,388FC7FA-16D0-47AD-8202-C6B222166107,N/A,N/A,N/A,9999
"2021-12-06 20:18:32","2021-12-06 20:18:32",blink-d2y7q,N/A,82.29,6,26.63,N/A,23.51,75.21,6,4,NA,4,19.83,NA,6,N/A,NA,N/A,584C2DD1-594F-4C5D-80D6-A2DB37602E22,N/A,N/A,N/A,N/A,N/A,N/A,9999
"2021-12-06 21:41:18","2021-12-06 21:41:15",forex-n8y1p,80.00,76.00,N/A,24.00,N/A,25.00,N/A,6,"4,7",N/A,"3,11",82.00,N/A,4,N/A,N/A,5a40aab6-7ca9-4214-89b5-65901b432e94,6417c168-0f81-4585-a322-e7c857b6839d,N/A,2,3af46371-28a9-4ac5-a47e-9ea051ee5795,N/A,49fbb525-4005-4624-8b7f-fea15884bea0,N/A,9999
"2021-12-09 13:25:01","2021-12-09 13:25:00",acros-dl87q,29.00,80.00,N/A,86.00,N/A,20.00,N/A,5,"4,6",N/A,"3,4",76.00,N/A,3,N/A,N/A,7c3aa85c-f020-472d-9896-9d2e78dc907f,00289eca-1b24-4009-b259-176c311d981d,N/A,N/A,eae9a1a5-6341-4968-a8a4-6d5f2dd585e8,N/A,N/A,N/A,9999
"2021-12-09 13:55:57","2021-12-09 13:55:56",chunk-en7ca,27.48,78.33,5,13.46,N/A,81.87,76.91,4,4,NA,3,84.99,NA,6,N/A,NA,B831F6C4-F053-422B-AFF0-92AC82825A06,42490A75-0982-4F56-A27C-694FF868D526,NA,1,887BD081-1512-496F-A30F-DC7FF0DD8A82,4,15D53BED-7C2F-4470-B02F-6C43BE42F149,N/A,9999
"2021-12-09 13:55:59","2021-12-09 13:55:57",bawns-c43w9,81.00,93.00,N/A,87.00,N/A,18.00,N/A,5,6,N/A,4,94.00,N/A,5,N/A,N/A,8e621067-b271-4764-9bd1-2bdda7eb439c,c43d28a9-0894-48ec-975e-5b135dfa15a0,N/A,1,69296243-348e-460e-a5fb-9f2e80aebb9d,2,ef826ffe-51a9-4c4c-8990-790b23249fbc,N/A,9999
"2021-12-09 17:03:21","2021-12-09 17:03:21",gods-7bf9h,85.00,20.00,N/A,14.00,N/A,20.00,N/A,4,N/A,N/A,5,95.00,N/A,3,N/A,N/A,N/A,N/A,N/A,N/A,N/A,N/A,N/A,N/A,9999
"2021-12-09 18:19:28","2021-12-09 18:19:28",chunk-en7ca,80.17,81.16,6,17.14,N/A,17.00,78.05,5,4,NA,4,83.29,NA,5,N/A,NA,2783149E-B45E-473C-87AB-A71471D8B938,F7920E96-CCFD-404A-A208-2E3AF63791F0,NA,2,F505B6E5-9F08-4EE0-B174-024D1080BA3D,N/A,39500C87-8F95-404F-86DD-126E40E2BDA4,N/A,9999
"2021-12-09 18:52:54","2021-12-09 18:52:53",gods-7bf9h,74.00,16.00,N/A,24.00,N/A,79.00,N/A,5,6,N/A,2,78.00,N/A,4,N/A,N/A,da0bd13d-e515-4fc6-8633-b52c790925d6,13c8b860-3e01-4e19-b5de-ce96ca7af60e,N/A,2,f4749cb6-2503-4b4b-a973-879187c75aed,N/A,9b6c3001-b7e3-4076-a045-b42eb5ee807c,N/A,9999
"2021-12-09 20:02:20","2021-12-09 20:02:19",gods-7bf9h,77.00,78.00,N/A,16.00,N/A,24.00,N/A,5,6,N/A,4,78.00,N/A,5,N/A,N/A,649778f4-dc16-46ee-8c1e-83e1e51537d3,230efd9e-ef66-4cd9-a07d-ca64fe8974c2,N/A,N/A,dba048d1-1ee6-4b5b-8c58-ccd6ff2c6cd9,N/A,N/A,N/A,9999
"2021-12-09 20:02:34","2021-12-09 20:02:34",chunk-en7ca,N/A,82.58,5,80.31,N/A,21.53,86.40,6,6,NA,5,79.18,NA,N/A,N/A,NA,N/A,F0809C7E-FBFF-4918-9E0A-AE10CFC2D52E,N/A,N/A,N/A,N/A,N/A,N/A,9999
"2021-12-09 20:02:34","2021-12-09 20:02:34",chunk-en7ca,92.21,76.77,6,N/A,N/A,15.44,82.01,5,3,NA,6,N/A,NA,5,N/A,NA,3EE89D0C-3668-4E16-A7C6-43879CB67DE2,9C88DFF7-1AB0-4A5E-9B0B-7AF3937643F3,NA,2,77B4A08A-12AC-470B-9330-287F5AA4C941,N/A,D9C75407-A4CD-4E9A-9A99-FECA351B8A82,N/A,9999
"2021-12-09 20:06:53","2021-12-09 20:06:51",gods-7bf9h,96.00,75.00,N/A,24.00,N/A,71.00,N/A,5,4,N/A,3,80.00,N/A,4,N/A,N/A,f3d91978-f8ce-4604-b49a-c763187bb68f,68da03b5-6a3c-4a37-8615-3e9d35b1eecf,N/A,2,454e1f21-cee0-4c8b-9738-3643ba5f1740,N/A,10f3dfb9-5eb5-433b-a7d5-57b64996fc5b,N/A,9999
"2021-12-09 20:08:37","2021-12-09 20:08:37",chunk-en7ca,85.27,85.27,6,31.87,N/A,24.22,76.77,5,5,NA,4,90.23,NA,4,N/A,NA,D8CD1F5F-2660-493F-8D70-B5767EB3A79E,61E33F8E-840F-4393-B9A2-4DA208316EC9,NA,2,7E9E23EB-8E79-489B-B394-DE6AF2D71479,N/A,6DE8D475-8976-42D8-A250-2EA2712B31A4,N/A,9999
"2021-12-13 17:59:27","2021-12-13 17:59:26",cupel-64qt6,72.00,70.00,N/A,75.00,N/A,75.00,N/A,7,6,N/A,10,70.00,N/A,4,N/A,N/A,N/A,c28725ea-2386-4c17-83a9-694bc944647d,N/A,N/A,N/A,N/A,N/A,N/A,"test, test"
"2021-12-13 19:18:00","2021-12-13 19:17:59",cupel-64qt6,73.00,N/A,N/A,88.00,N/A,N/A,N/A,5,N/A,N/A,N/A,N/A,N/A,N/A,N/A,N/A,N/A,N/A,N/A,N/A,N/A,N/A,N/A,N/A,"test, test"
"2021-12-13 19:20:40","2021-12-13 19:20:39",cupel-64qt6,88.00,N/A,N/A,85.00,N/A,N/A,N/A,7,N/A,N/A,N/A,N/A,N/A,N/A,N/A,N/A,N/A,N/A,N/A,N/A,N/A,N/A,N/A,N/A,"test, test"
"2021-12-13 21:15:45","2021-12-13 21:15:44",firn-mn8kt,74.00,24.00,N/A,79.00,N/A,77.00,N/A,7,6,N/A,"10,11",83.00,N/A,4,N/A,N/A,N/A,a05cf4cc-5644-4866-92b2-48407f92dc83,N/A,N/A,N/A,N/A,N/A,N/A,test
"2021-12-13 21:18:15","2021-12-13 21:18:14",firn-mn8kt,77.00,72.00,N/A,82.00,N/A,21.00,N/A,8,7,N/A,7,77.00,N/A,7,N/A,N/A,N/A,N/A,N/A,N/A,N/A,N/A,N/A,N/A,test
"2021-12-14 13:15:42","2021-12-14 13:15:38",chis-uo0yf,73.00,72.00,N/A,28.00,N/A,27.00,N/A,5,8,N/A,4,72.00,N/A,5,N/A,N/A,bdef0cc1-60a6-43a3-9360-4d518939b2f5,f505d329-7552-4f0c-907f-3cd66d79c740,N/A,1,66fc9bbf-ec18-4f8c-aa41-866698f7319f,3,0e32b1d5-471f-4af0-9ae1-60c0d5fc038c,N/A,Android_9999
"2021-12-14 14:19:42","2021-12-14 14:19:42",bocce-z4w84,76.69,78.27,4,24.25,N/A,18.74,80.31,4,4,NA,4,66.93,NA,4,N/A,NA,38DAE7B2-3E5C-4C32-9383-1F104AD9DABA,4DA756F0-D84C-47F6-8B13-742BA32ABCBD,NA,1,09BE4F45-7C18-4AE0-AD92-1CA3D461BD0E,3,E9B00FD4-6810-4DC5-9713-97D3E87C51F0,N/A,iOS_9999
"2021-12-15 11:43:59","2021-12-15 11:43:54",devon-m7k3r,23.00,11.00,N/A,22.00,N/A,85.00,N/A,5,4,N/A,3,29.00,N/A,3,N/A,N/A,4b01a536-8a99-4fa7-8ed8-e89587b86434,d2fe9fb4-fb12-4588-a1a6-abf1effd0e8c,N/A,2,1c975242-1eac-4c1c-a690-ae26513583d5,N/A,f0bdc2ab-d6ac-4364-9c0d-6549aa53d838,N/A,Android_15Nov2021
"2021-12-15 11:47:50","2021-12-15 11:47:49",char-w1s9d,75.12,76.69,3,73.07,N/A,84.88,69.29,4,6,NA,3,81.10,NA,3,N/A,NA,652D755C-2E54-4811-875D-DF0E7595C2C6,115A4D9F-8D2F-4AD5-9C8D-E486821E9AF1,NA,2,97F1BC59-BD5A-439C-9D46-510D6ED095AF,N/A,329D1A68-5EDF-47B8-A8B7-287715CD5E2D,N/A,"iOS_15Nov2021, iOS_19Jan2022"
"2021-12-15 12:00:12","2021-12-15 12:00:12",char-w1s9d,85.83,82.05,4,17.32,N/A,14.80,80.16,4,4,NA,3,81.73,NA,4,N/A,NA,N/A,90449E97-03A5-4241-B77A-BF80A361E923,N/A,N/A,N/A,N/A,N/A,N/A,"iOS_15Nov2021, iOS_19Jan2022"
"2021-12-15 12:00:12","2021-12-15 12:00:12",char-w1s9d,75.12,75.43,4,88.98,N/A,18.27,77.48,4,4,NA,4,75.12,NA,4,N/A,NA,F962AD9F-D7BE-4A88-9E7D-475649BFC284,662E88B9-C36D-42C6-9884-DBCEF804387D,NA,2,2C5D7B30-B555-4EC1-9106-3D992BFCF49F,N/A,572F439F-9F40-42AC-8236-8E12B384E06F,N/A,"iOS_15Nov2021, iOS_19Jan2022"
"2021-12-15 12:00:12","2021-12-15 12:00:12",char-w1s9d,83.31,81.10,4,76.38,N/A,79.84,80.79,4,4,NA,4,77.95,NA,3,N/A,NA,N/A,ECDBB33C-2E26-472A-8936-7FA5CD215CF8,N/A,N/A,N/A,N/A,N/A,N/A,"iOS_15Nov2021, iOS_19Jan2022"
"2021-12-15 12:00:14","2021-12-15 12:00:10",devon-m7k3r,68.00,23.00,N/A,24.00,N/A,24.00,N/A,4,5,N/A,3,15.00,N/A,2,N/A,N/A,0fff6884-488e-4745-b716-744220529756,9cfd31b0-c516-4445-8936-de4b7cf5e693,N/A,2,6c10db1e-9600-48b5-b4fc-bc49ca93b46f,N/A,c497bb61-ff7f-42b9-8c8a-354bf38c649a,N/A,Android_15Nov2021
"2021-12-16 12:43:17","2021-12-16 12:43:16",hull-u76j7,88.00,N/A,N/A,14.00,N/A,N/A,N/A,7,N/A,N/A,N/A,N/A,N/A,N/A,N/A,N/A,N/A,N/A,N/A,N/A,N/A,N/A,N/A,N/A,"test, test"
"2022-01-03 09:48:32","2022-01-03 09:48:32",site-2ox1f,81.59,17.99,6,23.09,N/A,81.59,24.22,5,5,NA,5,85.84,NA,5,N/A,NA,3DDC8C80-AE79-4E84-8C2E-90D70878DC0A,81A45CE2-84B7-4E04-A0FF-D6A17B7D1B11,NA,2,D3E0FB3D-F426-4BA0-A38D-F4166DF14B79,N/A,66A472BB-42CC-4FFE-82B7-EA1A0C4B89A8,N/A,9999_iOS_2022
"2022-01-03 09:48:34","2022-01-03 09:48:33",culls-mv5st,83.00,81.00,N/A,19.00,N/A,12.00,N/A,5,6,N/A,3,89.00,N/A,5,N/A,N/A,11fb40cd-52d7-4328-98b4-193146930b5d,fc92fff9-1012-491a-aca2-3a715d8da532,N/A,2,f5491e61-2aa9-47ec-b6c4-42c9510af42c,N/A,82a5c55c-033e-49dd-82c0-194063f388cf,N/A,9999_Android_2022
"2022-01-04 12:29:19","2022-01-04 12:29:17",found-s1i5l,85.00,88.00,N/A,20.00,N/A,20.00,N/A,5,"7,4",N/A,4,85.00,N/A,4,N/A,N/A,N/A,8084849c-5408-438c-9e79-e40468bc25a7,N/A,N/A,N/A,N/A,N/A,N/A,testing2022
"2022-01-06 14:40:35","2022-01-06 14:40:34",genu-za0ct,77.00,15.00,N/A,16.00,N/A,79.00,N/A,7,4,N/A,4,76.00,N/A,4,N/A,N/A,N/A,N/A,N/A,N/A,N/A,N/A,N/A,N/A,found-s1i5l
"2022-01-07 16:17:30","2022-01-07 16:17:29",genu-za0ct,22.00,84.00,N/A,24.00,N/A,24.00,N/A,5,"7,3",N/A,"2,4",86.00,N/A,4,N/A,N/A,N/A,981918d6-6347-49ae-8329-b95e05dc2ccf,N/A,N/A,N/A,N/A,N/A,N/A,found-s1i5l
"2022-01-08 11:00:00","2022-01-08 10:59:57",found-711jx,17.00,87.00,N/A,81.00,N/A,23.00,N/A,4,1,N/A,"4,6",26.00,N/A,4,N/A,N/A,1b2d05a6-5971-4e38-a705-8e4609a14806,25e55124-4a9b-4d29-a43f-a0ebe828840e,N/A,1,c70dfe93-3e2f-4a2b-b8f0-fe013b4ac94a,3,41b02131-234f-40ba-bdac-6782024f7894,N/A,08Jan2022
"2022-01-08 12:31:55","2022-01-08 12:31:54",cant-jt1w4,82.01,22.24,6,19.97,N/A,76.49,73.51,6,3,NA,5,75.07,NA,6,N/A,NA,708C1946-23C7-470A-ABDD-7B7F6492F7D6,D6CD9F5F-6A15-41AF-B2C0-D77809C74516,NA,2,6D615382-34F5-4FDD-8E3A-509A277EA1C0,N/A,8EA75E05-2BC7-4BAE-80BF-42C38468C9D6,N/A,"iOSTest_2022_Jan, 08Jan2022, 09Jan2022iOS"
"2022-01-09 18:53:32","2022-01-09 18:53:30",found-711jx,20.00,19.00,N/A,81.00,N/A,N/A,N/A,5,3,N/A,"3,1",81.00,N/A,4,N/A,N/A,N/A,N/A,N/A,N/A,N/A,N/A,N/A,N/A,08Jan2022
"2022-01-10 04:17:47","2022-01-10 04:17:50",eths-wz1zp,82.00,N/A,N/A,N/A,N/A,N/A,N/A,N/A,N/A,N/A,N/A,N/A,N/A,N/A,N/A,N/A,N/A,N/A,N/A,N/A,N/A,N/A,N/A,N/A,"test, test"
"2022-01-10 04:21:16","2022-01-10 04:21:19",eths-wz1zp,86.00,N/A,N/A,N/A,N/A,N/A,N/A,N/A,N/A,N/A,N/A,N/A,N/A,N/A,N/A,N/A,N/A,N/A,N/A,N/A,N/A,N/A,N/A,N/A,"test, test"
"2022-01-10 20:12:22","2022-01-10 16:31:28",gawp-51hl2,79.00,76.00,N/A,23.00,N/A,23.00,N/A,5,5,N/A,3,24.00,N/A,3,N/A,N/A,N/A,N/A,N/A,N/A,N/A,N/A,N/A,N/A,09Jan2022Android
"2022-01-11 09:21:17","2022-01-11 09:21:17",cogs-ep5np,83.29,78.19,6,18.56,N/A,24.79,79.04,5,6,NA,2,75.21,NA,6,N/A,NA,N/A,FFB09524-9472-4299-BC1C-0C22C24ACEAC,N/A,N/A,N/A,N/A,N/A,N/A,GetNewID_advanced
"2022-01-12 06:51:34","2022-01-12 06:51:33",mams-k9x34,N/A,54.00,N/A,50.00,N/A,58.00,N/A,7,"2,9",N/A,"4,7,1,2,3,5,6,8,9,10,11,12",25.00,N/A,9,N/A,N/A,b547a879-b554-480f-8208-9af33bf8a1cb,828e6b85-deeb-432e-8029-f553a571feb3,N/A,1,bfa18bea-70ab-4811-a567-ceb51352922c,"4,5",6da5880f-efeb-4495-9785-1b6b1c3bb366,N/A,QRcodeTest_Android
"2022-01-17 08:02:04","2022-01-17 08:02:00",chute-2zm6v,72.00,N/A,N/A,24.00,N/A,N/A,N/A,5,"8,6,5",N/A,"3,1,2,12",23.00,N/A,N/A,N/A,N/A,854b056d-ea16-430f-8917-f5bd4ad2fdb6,def9cc93-8f2b-4b6d-9ebe-151787d07ff6,N/A,2,179c2c8b-78b6-4909-9567-898920a598db,N/A,82a0875a-fb59-4796-ac12-07727b7b7130,N/A,17Jan2022_Android
"2022-01-17 14:22:32","2022-01-17 14:22:32",ceili-pw0jk,87.25,78.05,6,21.67,N/A,19.26,89.38,6,4,NA,5,81.02,NA,5,N/A,NA,577E6AAE-A8DD-4103-BEB6-F3F7E83ED8F2,8238AA0C-0FD0-4992-BA40-067A7D5FB197,NA,2,6347769B-619A-4F90-8814-935911DFB6BB,N/A,6F0DF890-658A-4DB5-A025-8BEE61889013,N/A,"iOS_17Jan2022_updated, iOS_data_check, schedule_check_iOS"
"2022-01-17 15:25:56","2022-01-17 15:25:52",blae-9rj3f,28.00,0.00,N/A,50.00,N/A,99.00,N/A,5,"6,4",N/A,"3,11,12",N/A,N/A,3,N/A,N/A,3a3186a9-6cb7-44bf-8db6-c59118b64dda,88c32d07-4ac3-48e8-a06d-446858b8403c,N/A,2,38d67280-e29e-4bad-abba-0a311f758609,N/A,be7ac3f6-b418-42f0-9a9b-777e6265f312,N/A,Android_data_check
"2022-01-17 15:27:35","2022-01-17 15:27:34",ceili-pw0jk,27.90,0.00,"2,4,5,6",50.00,N/A,100.00,69.97,5,"4,6",NA,"3,11,12",N/A,NA,3,N/A,NA,32BDBC3E-9357-4740-86A0-CA8F5D9D6C4E,71F34174-8282-4E85-8BED-350613C4FDF5,NA,2,B640BFCE-CDF0-4713-A3F9-59C2B25BB8CD,N/A,3A5B3800-3FDF-4CB0-B152-00E44B19E693,N/A,"iOS_17Jan2022_updated, iOS_data_check, schedule_check_iOS"
"2022-01-17 16:18:20","2022-01-17 16:18:20",ceili-pw0jk,100.00,15.30,5,50.00,N/A,80.31,15.01,6,"2,4,5",NA,"12,11",N/A,NA,10,N/A,NA,F68FE506-EE92-41F5-8DD0-468154F2D726,B18B01D3-7FE6-4C7A-A0D2-DB3974554FD8,NA,2,C8855235-E64E-4B29-9325-7760B48E1D40,N/A,E82048C1-FC59-45CB-97E3-22C2EC68C79D,N/A,"iOS_17Jan2022_updated, iOS_data_check, schedule_check_iOS"
"2022-01-17 16:18:23","2022-01-17 16:18:19",gush-wv4rx,99.00,28.00,N/A,50.00,N/A,76.00,N/A,6,"2,4,5",N/A,"12,11",N/A,N/A,10,N/A,N/A,f469d96c-01c9-4209-819c-e223182508c4,efacaf80-0a4b-4e7c-a54c-04e3a421fdf2,N/A,2,6f2617fc-1fb4-4a69-8a74-8f6652f85ab2,N/A,b2ecf607-beb1-4a6d-a439-48fef967cfd4,N/A,no_scheduler_check
"2022-01-17 17:15:00","2022-01-17 17:14:59",curdy-ls0rn,79.32,16.71,N/A,24.50,N/A,79.46,N/A,6,3,NA,5,80.31,NA,N/A,6,NA,D82C57AB-8DD4-4AE5-892C-ADFBF7110B84,38B2F18B-00A5-4DA0-A2F4-15AAB13FE17C,NA,2,88D043B6-F9AB-4205-8BAB-9494E692BD27,N/A,A5CA45B9-137F-4D7A-A0E0-8C70823536D4,N/A,tired_iOS
"2022-01-17 21:03:20","2022-01-17 21:03:19",gush-wv4rx,24.00,N/A,4,31.00,N/A,N/A,23.00,1,1,N/A,"3,1,2,4,5,6,7,8,9,10,11,12",22.00,N/A,N/A,1,N/A,N/A,N/A,N/A,N/A,N/A,N/A,N/A,N/A,no_scheduler_check
"2022-01-18 08:02:04","2022-01-18 08:02:03",curdy-ls0rn,19.97,N/A,N/A,81.59,N/A,N/A,N/A,6,N/A,N/A,N/A,N/A,N/A,N/A,N/A,N/A,N/A,N/A,N/A,N/A,N/A,N/A,N/A,N/A,tired_iOS
"2022-01-18 08:02:04","2022-01-18 08:02:03",curdy-ls0rn,N/A,N/A,N/A,N/A,N/A,N/A,N/A,N/A,N/A,NA,N/A,N/A,NA,N/A,N/A,N/A,N/A,N/A,N/A,N/A,N/A,N/A,N/A,N/A,tired_iOS
"2022-01-18 08:02:04","2022-01-18 08:02:03",curdy-ls0rn,86.54,19.26,N/A,14.02,N/A,80.59,N/A,6,4,NA,2,85.84,NA,N/A,6,NA,A5452025-8101-4BC6-B7A3-0998D2B0137B,203D2990-8A79-4EAE-ABA1-3E49B15AEC2F,NA,N/A,0B4FF379-5A9C-4CE6-B97B-3C5667664ADA,N/A,033197FE-EFCE-482C-8F65-8EE939B0CDD3,N/A,tired_iOS
"2022-01-18 09:09:08","2022-01-18 09:09:08",frug-xl3j7,71.39,74.08,"2,3",75.21,N/A,23.51,17.42,1,"4,2,3",NA,"1,2,6",19.69,NA,N/A,1,NA,25D34B51-7A6D-4FA7-9F4D-B86FD3A41EBD,74A95813-8307-4F77-847C-28A5CF79A126,NA,1,5143A79C-78FE-4A3F-A330-58CAC91CE7E6,"1,2,3,4,5",31A4C873-8528-4E5D-A2F4-4A5F7C6826FB,N/A,iOS_18Jan2022
"2022-01-18 09:09:10","2022-01-18 09:09:07",idol-pp00v,85.00,N/A,"2,3",24.00,N/A,N/A,14.00,1,"2,3,4",N/A,"1,2,6",18.00,N/A,N/A,1,N/A,d651e2a2-8796-42c5-a5c0-0fb0a0018ae4,f0a7ed9b-e04f-4062-a985-bd1063b999c2,N/A,1,1bf2e199-136c-48f0-9b8e-77bb8d4cda1e,"1,2,3,4,5",ce4545db-0e27-4fef-8db9-54bcc5ef873b,N/A,Android_18Jan2022
"2022-01-18 13:24:53","2022-01-18 13:24:53",dwale-fl91i,N/A,N/A,N/A,N/A,N/A,N/A,N/A,N/A,N/A,N/A,N/A,N/A,N/A,N/A,1,N/A,N/A,N/A,N/A,N/A,N/A,N/A,N/A,N/A,j
"2022-01-18 14:12:01","2022-01-18 14:12:01",dwale-fl91i,N/A,N/A,N/A,N/A,N/A,N/A,N/A,N/A,N/A,N/A,N/A,N/A,N/A,N/A,2,N/A,N/A,N/A,N/A,N/A,N/A,N/A,N/A,N/A,j
"2022-01-18 14:13:26","2022-01-18 14:13:26",dwale-fl91i,N/A,67.00,N/A,N/A,N/A,N/A,N/A,N/A,N/A,N/A,N/A,N/A,N/A,N/A,2,N/A,N/A,N/A,N/A,N/A,N/A,N/A,N/A,N/A,j
"2022-01-18 19:12:19","2022-01-18 19:12:16",idol-pp00v,N/A,66.00,N/A,21.00,N/A,N/A,N/A,9,1,N/A,"2,1,3",80.00,N/A,N/A,2,N/A,2a1eea09-a937-4a3b-9e34-35183285f802,daed1d3a-7093-4f56-8a33-9477b308f855,N/A,1,dfec442f-4681-45a1-81a0-1366bd642ff4,"5,4,3",95f8e161-c6fb-4f65-92e3-64eb07098797,N/A,Android_18Jan2022
"2022-01-19 07:16:15","2022-01-19 07:16:14",idol-pp00v,88.00,15.00,N/A,21.00,N/A,84.00,N/A,5,"6,7",N/A,"5,4,2",88.00,N/A,N/A,5,N/A,58e6dcad-edd7-4fc3-a0e3-498702b1a9a0,4249b8a3-262e-4e16-b373-51fb9b5e516b,N/A,1,85a56184-1233-4e55-8e78-0a120803642b,"1,5",95f08822-4e8c-4e9e-82cc-152413933656,N/A,Android_18Jan2022
"2022-01-19 08:22:33","2022-01-19 08:22:33",frug-xl3j7,17.42,22.80,2,89.09,N/A,76.77,83.00,6,3,NA,6,19.41,NA,N/A,6,NA,82DE45D0-8A88-4802-AEDB-7CCF8F07A738,D9CF1836-7193-45BF-AD9B-5D6DBC9D9C76,NA,2,8C1C6749-87FF-451B-A270-9BD7ADD1DE94,N/A,96BCA9C5-D2CE-4793-A6FB-155104DE6CF1,N/A,iOS_18Jan2022
