Survey Date Submitted,Survey Date Completed,Participant ID,...4,sleepy_now,feel_then1,stress_whynot,mood_now,depricated...9,feel_now1,stress_whynot2,where_now,who_now,info_wellbeing_intro,doing_now,enjoy_now,depricated...17,info_stress_intro,depricated...19,stressor_type,info_brain_games,dotmemory_UUID,colornaming_UUID,info_distract,symbolsearch_UUID,distract_now,distract_what,shoppinglist_UUID,end_block,...30,...31,...32,...33,depricated...16,...29
2022-01-18T08:02:04Z,2022-01-18T08:02:03Z,curdy-ls0rn,Beeped Survey 1,19.97,N/A,N/A,81.59,N/A,N/A,N/A,6,N/A,N/A,N/A,N/A,N/A,N/A,N/A,N/A,N/A,N/A,N/A,N/A,N/A,N/A,N/A,N/A,N/A,tired_iOS,N/A,N/A,N/A,NA,NA
2022-01-18T08:02:04Z,2022-01-18T08:02:03Z,curdy-ls0rn,Beeped Survey 1,N/A,N/A,N/A,N/A,N/A,N/A,N/A,N/A,N/A,NA,N/A,N/A,NA,N/A,N/A,N/A,N/A,N/A,N/A,N/A,N/A,N/A,N/A,N/A,N/A,tired_iOS,N/A,N/A,N/A,NA,NA
2022-01-18T08:02:04Z,2022-01-18T08:02:03Z,curdy-ls0rn,Beeped Survey 1,86.54,19.26,N/A,14.02,N/A,80.59,N/A,6,4,NA,2,85.84,NA,N/A,N/A,6,NA,A5452025-8101-4BC6-B7A3-0998D2B0137B,203D2990-8A79-4EAE-ABA1-3E49B15AEC2F,NA,0B4FF379-5A9C-4CE6-B97B-3C5667664ADA,N/A,N/A,033197FE-EFCE-482C-8F65-8EE939B0CDD3,N/A,tired_iOS,N/A,N/A,N/A,NA,NA
2022-01-18T09:09:08Z,2022-01-18T09:09:08Z,frug-xl3j7,Beeped Survey 1,71.39,74.08,"2,3",75.21,N/A,23.51,17.42,1,"4,2,3",NA,"1,2,6",19.69,NA,N/A,N/A,1,NA,25D34B51-7A6D-4FA7-9F4D-B86FD3A41EBD,74A95813-8307-4F77-847C-28A5CF79A126,NA,5143A79C-78FE-4A3F-A330-58CAC91CE7E6,1,"1,2,3,4,5",31A4C873-8528-4E5D-A2F4-4A5F7C6826FB,N/A,"iOS_18Jan2022, Check_stickiness",N/A,N/A,N/A,NA,NA
2022-01-18T09:09:10Z,2022-01-18T09:09:07Z,idol-pp00v,Beeped Survey 1,85.00,N/A,"2,3",24.00,N/A,N/A,14.00,1,"2,3,4",N/A,"1,2,6",18.00,N/A,N/A,N/A,1,N/A,d651e2a2-8796-42c5-a5c0-0fb0a0018ae4,f0a7ed9b-e04f-4062-a985-bd1063b999c2,N/A,1bf2e199-136c-48f0-9b8e-77bb8d4cda1e,1,"1,2,3,4,5",ce4545db-0e27-4fef-8db9-54bcc5ef873b,N/A,Android_18Jan2022,N/A,SM-G970U,11,NA,NA
2022-01-18T13:24:53Z,2022-01-18T13:24:53Z,dwale-fl91i,Beeped Survey 1,N/A,N/A,N/A,N/A,N/A,N/A,N/A,N/A,N/A,N/A,N/A,N/A,N/A,N/A,N/A,1,N/A,N/A,N/A,N/A,N/A,N/A,N/A,N/A,N/A,j,N/A,Mi 9T Pro,10,NA,NA
2022-01-18T14:12:01Z,2022-01-18T14:12:01Z,dwale-fl91i,Beeped Survey 1,N/A,N/A,N/A,N/A,N/A,N/A,N/A,N/A,N/A,N/A,N/A,N/A,N/A,N/A,N/A,2,N/A,N/A,N/A,N/A,N/A,N/A,N/A,N/A,N/A,j,N/A,Mi 9T Pro,10,NA,NA
2022-01-18T14:13:26Z,2022-01-18T14:13:26Z,dwale-fl91i,Beeped Survey 1,N/A,67.00,N/A,N/A,N/A,N/A,N/A,N/A,N/A,N/A,N/A,N/A,N/A,N/A,N/A,2,N/A,N/A,N/A,N/A,N/A,N/A,N/A,N/A,N/A,j,N/A,Mi 9T Pro,10,NA,NA
2022-01-18T19:12:19Z,2022-01-18T19:12:16Z,idol-pp00v,Beeped Survey 1,N/A,66.00,N/A,21.00,N/A,N/A,N/A,9,1,N/A,"2,1,3",80.00,N/A,N/A,N/A,2,N/A,2a1eea09-a937-4a3b-9e34-35183285f802,daed1d3a-7093-4f56-8a33-9477b308f855,N/A,dfec442f-4681-45a1-81a0-1366bd642ff4,1,"5,4,3",95f8e161-c6fb-4f65-92e3-64eb07098797,N/A,Android_18Jan2022,N/A,SM-G970U,11,NA,NA
2022-01-19T07:16:15Z,2022-01-19T07:16:14Z,idol-pp00v,Beeped Survey 1,88.00,15.00,N/A,21.00,N/A,84.00,N/A,5,"6,7",N/A,"5,4,2",88.00,N/A,N/A,N/A,5,N/A,58e6dcad-edd7-4fc3-a0e3-498702b1a9a0,4249b8a3-262e-4e16-b373-51fb9b5e516b,N/A,85a56184-1233-4e55-8e78-0a120803642b,1,"1,5",95f08822-4e8c-4e9e-82cc-152413933656,N/A,Android_18Jan2022,N/A,SM-G970U,11,NA,NA
2022-01-19T08:22:33Z,2022-01-19T08:22:33Z,frug-xl3j7,Beeped Survey 1,17.42,22.80,2,89.09,N/A,76.77,83.00,6,3,NA,6,19.41,NA,N/A,N/A,6,NA,82DE45D0-8A88-4802-AEDB-7CCF8F07A738,D9CF1836-7193-45BF-AD9B-5D6DBC9D9C76,NA,8C1C6749-87FF-451B-A270-9BD7ADD1DE94,2,N/A,96BCA9C5-D2CE-4793-A6FB-155104DE6CF1,N/A,"iOS_18Jan2022, Check_stickiness",N/A,N/A,N/A,NA,NA
2022-01-19T11:20:11Z,2022-01-19T11:20:10Z,fend-6lh42,Beeped Survey 1,88.00,18.00,N/A,17.00,N/A,75.00,N/A,6,"2,5",N/A,"5,4,3",79.00,N/A,N/A,N/A,5,N/A,N/A,N/A,N/A,N/A,N/A,N/A,N/A,N/A,miA2_19Jan2022a,N/A,Mi A2,8.1.0,NA,NA
2022-01-19T14:22:08Z,2022-01-19T14:22:08Z,frug-xl3j7,Beeped Survey 1,80.74,20.54,2,19.41,N/A,77.20,83.00,6,2,NA,"3,4",22.38,NA,N/A,N/A,6,NA,N/A,E3E2A0A5-3258-4DDB-8E5A-0B8D8E92BF2A,N/A,N/A,N/A,N/A,N/A,N/A,"iOS_18Jan2022, Check_stickiness",N/A,N/A,N/A,NA,NA
2022-01-19T14:22:09Z,2022-01-19T14:22:08Z,frug-xl3j7,Beeped Survey 1,22.38,78.90,5,69.12,N/A,31.73,26.63,6,2,NA,"6,5,4",26.91,NA,N/A,N/A,1,NA,7CAD785A-637B-4B93-BD59-74459F5E85B2,6068118C-E8D6-48B3-B681-3BC5F75D4BD6,NA,0D2301CF-5A14-4034-BCF5-1A4F2438B397,2,N/A,6ED9A448-07A5-4F39-9485-01A347EA398F,N/A,"iOS_18Jan2022, Check_stickiness",N/A,N/A,N/A,NA,NA
2022-01-19T18:40:17Z,2022-01-19T18:40:16Z,idol-pp00v,Beeped Survey 1,24.00,N/A,N/A,75.00,N/A,N/A,N/A,5,N/A,N/A,N/A,N/A,N/A,N/A,N/A,N/A,N/A,N/A,N/A,N/A,N/A,N/A,N/A,N/A,N/A,Android_18Jan2022,N/A,SM-G970U,11,NA,NA
2022-01-19T23:23:38Z,2022-01-19T23:23:38Z,hive-xn9tn,Beeped Survey 1,73.00,86.00,N/A,21.00,N/A,23.00,N/A,8,"5,10",N/A,"10,12",88.00,N/A,N/A,N/A,6,N/A,N/A,279ace0e-6713-4706-8914-6491aaea6494,N/A,N/A,N/A,N/A,N/A,N/A,test,N/A,SM-G950U,9,NA,NA
2022-01-19T23:23:38Z,2022-01-18T13:23:26Z,hive-xn9tn,Beeped Survey 1,23.00,N/A,N/A,86.00,N/A,N/A,N/A,7,"6,9",N/A,9,55.00,N/A,N/A,N/A,8,N/A,N/A,N/A,N/A,N/A,N/A,N/A,N/A,N/A,test,N/A,SM-G950U,9,NA,NA
2022-01-19T23:23:39Z,2022-01-18T13:40:58Z,hive-xn9tn,Beeped Survey 1,72.00,N/A,N/A,21.00,N/A,N/A,N/A,5,"5,7",N/A,"3,4",28.00,N/A,N/A,N/A,3,N/A,N/A,N/A,N/A,N/A,N/A,N/A,N/A,N/A,test,N/A,SM-G950U,9,NA,NA
2022-01-19T23:23:39Z,2022-01-18T13:54:09Z,hive-xn9tn,Beeped Survey 1,78.00,N/A,N/A,86.00,N/A,N/A,N/A,5,"5,4",N/A,6,28.00,N/A,N/A,N/A,1,N/A,N/A,N/A,N/A,N/A,N/A,N/A,N/A,N/A,test,N/A,SM-G950U,9,NA,NA
2022-01-20T07:12:17Z,2022-01-20T07:12:15Z,dawns-h1917,Beeped Survey 1,78.00,N/A,"3,4,5,6,7,2,1",21.00,N/A,N/A,72.00,9,"2,3,4,5,6,7,8,9,10",N/A,"12,1",27.00,N/A,N/A,N/A,1,N/A,a1a688b3-4e5b-42b3-9a60-a3350e95ebca,92ee1f4a-5684-4d60-a7ae-ae4c515ee920,N/A,15b2c1a9-4746-4ae8-bec0-c44913793c12,2,N/A,db8318b1-efc6-4acf-a529-b5bfa4660554,N/A,MiA2_20Jan2022b,N/A,Mi A2,8.1.0,NA,NA
2022-01-20T09:53:11Z,2022-01-20T09:53:10Z,dream-v3c9d,Beeped Survey 1,20.00,26.00,N/A,84.00,N/A,76.00,N/A,6,"2,4",N/A,"6,5,4",21.00,N/A,N/A,N/A,4,N/A,N/A,09e21119-4d4c-4d8f-bd90-522e9e89bf8f,N/A,N/A,N/A,N/A,N/A,N/A,MiA2_20Jan2022,N/A,Mi A2,8.1.0,NA,NA
2022-01-20T13:25:50Z,2022-01-20T13:25:49Z,clary-sp0jp,Beeped Survey 1,N/A,N/A,N/A,N/A,N/A,N/A,N/A,N/A,N/A,NA,N/A,N/A,NA,N/A,2,N/A,N/A,N/A,N/A,N/A,N/A,N/A,N/A,N/A,N/A,j,N/A,N/A,N/A,NA,NA
2022-01-20T13:25:50Z,2022-01-20T13:25:49Z,clary-sp0jp,Beeped Survey 1,N/A,N/A,3,N/A,N/A,N/A,72,N/A,N/A,NA,N/A,N/A,NA,N/A,1,N/A,N/A,N/A,N/A,N/A,N/A,N/A,N/A,N/A,N/A,j,N/A,N/A,N/A,NA,NA
2022-01-20T13:25:51Z,2022-01-20T13:25:49Z,clary-sp0jp,Beeped Survey 1,N/A,N/A,N/A,N/A,N/A,N/A,N/A,N/A,N/A,NA,N/A,N/A,NA,N/A,N/A,1,N/A,N/A,N/A,N/A,N/A,N/A,N/A,N/A,N/A,j,N/A,N/A,N/A,NA,NA
2022-01-20T13:25:51Z,2022-01-20T13:25:49Z,clary-sp0jp,Beeped Survey 1,N/A,N/A,N/A,N/A,N/A,N/A,N/A,N/A,N/A,NA,N/A,N/A,NA,N/A,N/A,2,N/A,N/A,N/A,N/A,N/A,N/A,N/A,N/A,N/A,j,N/A,N/A,N/A,NA,NA
2022-01-20T13:25:51Z,2022-01-20T13:25:49Z,clary-sp0jp,Beeped Survey 1,N/A,N/A,N/A,N/A,N/A,N/A,N/A,N/A,N/A,NA,N/A,N/A,NA,N/A,N/A,2,N/A,N/A,N/A,N/A,N/A,N/A,N/A,N/A,N/A,j,N/A,N/A,N/A,NA,NA
2022-01-20T13:25:51Z,2022-01-20T13:25:49Z,clary-sp0jp,Beeped Survey 1,N/A,N/A,N/A,N/A,N/A,N/A,N/A,N/A,N/A,NA,N/A,N/A,NA,N/A,N/A,N/A,N/A,N/A,N/A,N/A,N/A,N/A,N/A,N/A,N/A,j,N/A,N/A,N/A,NA,NA
2022-01-20T13:25:51Z,2022-01-20T13:25:49Z,clary-sp0jp,Beeped Survey 1,N/A,N/A,N/A,N/A,N/A,N/A,N/A,N/A,N/A,NA,N/A,N/A,NA,N/A,N/A,3,N/A,N/A,N/A,N/A,N/A,N/A,N/A,N/A,N/A,j,N/A,N/A,N/A,NA,NA
2022-01-20T13:25:51Z,2022-01-20T13:25:49Z,clary-sp0jp,Beeped Survey 1,N/A,N/A,2,N/A,N/A,N/A,N/A,N/A,N/A,NA,N/A,N/A,NA,N/A,N/A,1,N/A,N/A,N/A,N/A,N/A,N/A,N/A,N/A,N/A,j,N/A,N/A,N/A,NA,NA
2022-01-20T13:25:51Z,2022-01-20T13:25:49Z,clary-sp0jp,Beeped Survey 1,N/A,N/A,N/A,N/A,N/A,N/A,N/A,N/A,N/A,NA,N/A,N/A,NA,N/A,N/A,1,N/A,N/A,N/A,N/A,N/A,N/A,N/A,N/A,N/A,j,N/A,N/A,N/A,NA,NA
2022-01-20T13:25:51Z,2022-01-20T13:25:49Z,clary-sp0jp,Beeped Survey 1,N/A,N/A,N/A,N/A,N/A,N/A,N/A,N/A,N/A,NA,N/A,N/A,NA,N/A,N/A,2,N/A,N/A,N/A,N/A,N/A,N/A,N/A,N/A,N/A,j,N/A,N/A,N/A,NA,NA
2022-01-20T13:25:51Z,2022-01-20T13:25:49Z,clary-sp0jp,Beeped Survey 1,63,N/A,3,N/A,N/A,N/A,69,N/A,N/A,NA,N/A,N/A,NA,N/A,N/A,1,N/A,N/A,N/A,N/A,N/A,N/A,N/A,N/A,N/A,j,N/A,N/A,N/A,NA,NA
2022-01-20T13:25:52Z,2022-01-20T13:25:49Z,clary-sp0jp,Beeped Survey 1,N/A,N/A,N/A,N/A,N/A,N/A,N/A,N/A,N/A,NA,N/A,N/A,NA,N/A,N/A,2,N/A,N/A,N/A,N/A,N/A,N/A,N/A,N/A,N/A,j,N/A,N/A,N/A,NA,NA
2022-01-20T13:25:52Z,2022-01-20T13:25:49Z,clary-sp0jp,Beeped Survey 1,N/A,N/A,N/A,N/A,N/A,N/A,N/A,N/A,N/A,NA,N/A,N/A,NA,N/A,N/A,2,N/A,N/A,N/A,N/A,N/A,N/A,N/A,N/A,N/A,j,N/A,N/A,N/A,NA,NA
2022-01-20T13:25:52Z,2022-01-20T13:25:49Z,clary-sp0jp,Beeped Survey 1,N/A,N/A,N/A,N/A,N/A,N/A,N/A,N/A,N/A,NA,N/A,N/A,NA,N/A,N/A,1,N/A,N/A,N/A,N/A,N/A,N/A,N/A,N/A,N/A,j,N/A,N/A,N/A,NA,NA
2022-01-20T13:25:52Z,2022-01-20T13:25:49Z,clary-sp0jp,Beeped Survey 1,N/A,N/A,N/A,N/A,N/A,N/A,N/A,N/A,N/A,NA,N/A,N/A,NA,N/A,N/A,2,N/A,N/A,N/A,N/A,N/A,N/A,N/A,N/A,N/A,j,N/A,N/A,N/A,NA,NA
2022-01-21T12:53:35Z,2022-01-21T12:53:35Z,ever-mz39p,Beeped Survey 1,N/A,N/A,N/A,N/A,N/A,N/A,N/A,N/A,N/A,N/A,N/A,N/A,N/A,N/A,N/A,N/A,N/A,N/A,N/A,N/A,N/A,N/A,N/A,N/A,N/A,"test, test",N/A,SM-G950U,9,NA,NA
2022-01-21T12:53:36Z,2022-01-21T12:15:45Z,ever-mz39p,Beeped Survey 1,N/A,N/A,N/A,N/A,N/A,N/A,N/A,N/A,N/A,N/A,N/A,N/A,N/A,N/A,N/A,N/A,N/A,N/A,N/A,N/A,N/A,N/A,N/A,N/A,N/A,"test, test",N/A,SM-G950U,9,NA,NA
2022-01-21T12:53:36Z,2022-01-21T12:32:50Z,ever-mz39p,Beeped Survey 1,N/A,N/A,N/A,N/A,N/A,N/A,N/A,N/A,N/A,N/A,N/A,N/A,N/A,N/A,N/A,N/A,N/A,N/A,N/A,N/A,N/A,N/A,N/A,N/A,N/A,"test, test",N/A,SM-G950U,9,NA,NA
2022-01-22T10:58:07Z,2022-01-22T10:58:06Z,bevy-qy3l1,Beeped Survey 1,20.00,29.00,N/A,78.00,N/A,79.00,N/A,7,"3,5",N/A,"4,3",69.00,N/A,N/A,N/A,2,N/A,210bfb3c-7c2f-4e51-8662-f2f843a0eb84,88ff284e-d2b9-401f-9896-9691a9032457,N/A,N/A,N/A,N/A,N/A,N/A,Start22Jan2022_S10e,N/A,SM-G970U,11,NA,NA
2022-01-24T08:41:55Z,2022-01-23T10:21:45Z,bevy-qy3l1,Beeped Survey 1,9.00,N/A,N/A,100.00,N/A,N/A,N/A,5,4,N/A,N/A,N/A,N/A,N/A,N/A,N/A,N/A,N/A,N/A,N/A,N/A,N/A,N/A,N/A,N/A,Start22Jan2022_S10e,N/A,SM-G970U,11,NA,NA
2022-01-24T11:19:41Z,2022-01-24T11:19:41Z,bevy-qy3l1,Beeped Survey 1,N/A,85.00,N/A,20.00,N/A,23.00,N/A,5,3,N/A,5,17.00,N/A,N/A,N/A,4,N/A,2d9b8c05-394b-4732-9473-0259f90f50d4,1255245a-f368-4ef1-b78e-9974785c388f,N/A,N/A,N/A,N/A,N/A,N/A,Start22Jan2022_S10e,N/A,SM-G970U,11,NA,NA
2022-01-24T14:08:50Z,2022-01-24T14:08:50Z,escar-vi0z3,Beeped Survey 1,22,88,N/A,82,N/A,17,N/A,6,4,NA,"3,5",20,N/A,NA,N/A,4,NA,00BB916B-6954-4920-9DAC-DBE5179EB565,BB2788D4-0CAC-4EB0-80D6-31FC6B87A58B,NA,50431FED-42C6-40A5-8EB5-5B3838BC2D80,2,N/A,CC08662C-D6E7-4166-8B3C-F2E1211B57BE,N/A,24Jan2022_iOS,2022-01-24 09:00:00,"iPhone11,8",iOS 15.1,NA,NA
2022-01-25T06:43:17Z,2022-01-25T06:43:16Z,besom-sx3mn,Beeped Survey 1,32.00,25.00,N/A,84.00,N/A,81.00,N/A,1,"2,9",N/A,4,19.00,N/A,N/A,N/A,3,N/A,f298040a-6bb5-4b4c-ab64-771863e16dc0,8b5d3d16-1f48-448c-a328-19b87a92aef2,N/A,21fe233b-746c-493e-aeb4-86875d83b01d,1,"5,1",19a6b486-e94e-4bcb-961f-bd8eb123ec0e,N/A,24Jan2022-test,N/A,SM-G970U,11,NA,NA
2022-01-25T08:16:11Z,2022-01-25T08:16:10Z,feyer-hf3s4,Beeped Survey 1,18,80,N/A,86,N/A,22,N/A,2,8,NA,"2,4",28,N/A,NA,N/A,4,NA,C93641BD-447B-45A8-B838-2989A24D7CA6,E6105058-0CB2-4B90-8B91-B1D092DEED3A,NA,B2F9538F-6A79-489D-AE04-E4E043CECCEA,1,"2,3,4",52053608-E2B8-442E-8D77-74F2B074EC6C,N/A,iOS7_24Jan,2022-01-25 07:18:00,"iPhone9,1",iOS 15.2.1,NA,NA
2022-01-25T13:59:32Z,2022-01-25T13:59:31Z,soba-in7ah,Beeped Survey 1,0,39,N/A,0,N/A,63,N/A,4,10,NA,"1,7,8,9",27,N/A,NA,N/A,10,NA,2BCE4A8A-D6C3-4CDF-99A7-9ABE996074AF,4970281B-0444-4089-AD87-5A7CA9D8283A,NA,FA5D63B2-BC1D-4042-B0B9-F34F9B70AF0D,1,"1,4",F7509948-4684-4744-B04A-025D70B64D79,N/A,StickyScreenTest,2022-01-25 13:15:00,"iPhone13,3",iOS 15.2.1,NA,NA
2022-01-26T07:01:38Z,2022-01-26T07:01:37Z,escar-vi0z3,Beeped Survey 1,0,21,N/A,100,N/A,79,N/A,5,1,NA,"6,1,2",61,N/A,NA,N/A,5,NA,N/A,N/A,N/A,N/A,N/A,N/A,N/A,N/A,24Jan2022_iOS,2022-01-25 08:19:00,"iPhone11,8",iOS 15.1,NA,NA
2022-01-26T08:29:53Z,2022-01-26T08:29:52Z,sumo-1wi4e,Beeped Survey 1,86.00,77.00,N/A,79.00,N/A,16.00,N/A,7,"4,7",N/A,2,21.00,N/A,N/A,N/A,4,N/A,N/A,1cae730c-6f39-4e61-9766-7d7fbc867fbd,N/A,N/A,N/A,N/A,N/A,N/A,DataUploadTest_25Jan,N/A,SM-G970U,11,NA,NA
2022-01-26T08:49:23Z,2022-01-26T08:49:23Z,feyer-hf3s4,Beeped Survey 1,89,N/A,1,25,N/A,N/A,69,4,2,NA,3,79,N/A,NA,N/A,1,NA,7CAD5C94-A397-4C7B-B873-831C3B980D27,950A4AD9-EFB7-4827-BE39-36845442BD2C,NA,1177F8D6-24BB-4CB5-9705-3F12F6DDCB10,1,"3,4",D753FD0B-1496-4949-877B-98BDE3EA18C0,N/A,iOS7_24Jan,2022-01-26 07:26:00,"iPhone9,1",iOS 15.2.1,NA,NA
2022-01-26T13:03:17Z,2022-01-26T13:03:17Z,escar-vi0z3,Beeped Survey 1,24,68,N/A,86,N/A,23,N/A,2,6,NA,1,82,N/A,NA,N/A,8,NA,7C6F1CD5-0E2B-4003-9D95-F622838148AA,ADCE83B9-FA90-4623-9498-984DF78108B9,N/A,N/A,N/A,N/A,N/A,N/A,24Jan2022_iOS,2022-01-26 08:35:00,"iPhone11,8",iOS 15.1,NA,NA
2022-01-26T13:27:11Z,2022-01-26T08:28:46Z,limo-f8i9a,Beeped Survey 1,75.00,18.00,N/A,25.00,N/A,72.00,N/A,5,"4,6",N/A,6,72.00,N/A,N/A,N/A,5,N/A,N/A,N/A,N/A,N/A,N/A,N/A,N/A,N/A,Mi20_25Jan,N/A,Mi A2,8.1.0,NA,NA
2022-01-26T13:36:58Z,2022-01-26T11:35:18Z,benny-yq5b5,Beeped Survey 1,81.00,79.00,N/A,20.00,N/A,17.00,N/A,5,"8,6",N/A,1,75.00,N/A,N/A,N/A,2,N/A,N/A,N/A,N/A,N/A,N/A,N/A,N/A,N/A,Mi6_25Jan,N/A,Mi A2,8.1.0,NA,NA
2022-01-26T15:21:31Z,2022-01-25T09:55:56Z,para-on4v1,Beeped Survey 1,80.00,85.00,N/A,37.00,N/A,22.00,N/A,5,"7,8",N/A,"1,2",20.00,N/A,N/A,N/A,5,N/A,d5a00971-640b-4668-8553-09fa5237e5ac,5b799807-a525-4e5f-8e3c-24c19cd395ba,N/A,97a44334-ad46-4765-a12f-13dedcf249c8,N/A,N/A,N/A,N/A,MiA4_25Jan,N/A,Mi A2,8.1.0,NA,NA
2022-01-27T09:04:10Z,2022-01-27T09:04:10Z,math-yw88g,Beeped Survey 1,79.00,67.00,N/A,13.00,N/A,26.00,N/A,6,7,N/A,N/A,25.00,N/A,N/A,N/A,4,N/A,N/A,0e555faa-525b-4e12-82f8-c378a2ff37db,N/A,N/A,N/A,N/A,N/A,N/A,MiA4_26Jan,N/A,Mi A2,8.1.0,NA,NA
2022-01-30T08:41:28Z,2022-01-30T08:41:27Z,airer-jc0sm,Beeped Survey 1,78.00,82.00,N/A,19.00,N/A,3.00,N/A,5,"4,6",N/A,3,19.00,N/A,N/A,N/A,6,N/A,f4564242-53a9-458d-bede-3c6c8773a49b,6789e073-89ae-4166-86af-636c03ec962a,N/A,9833aabf-25f8-4e57-a302-517823ecb26c,2,N/A,f3760bd5-6eee-4b72-8242-c5fd9b6764e9,N/A,29Jan_S10e,N/A,SM-G970U,11,NA,NA
2022-02-01T08:39:17Z,2022-02-01T08:39:16Z,canny-ag2b9,Beeped Survey 1,77.00,20.00,N/A,21.00,N/A,76.00,N/A,7,8,N/A,5,77.00,N/A,N/A,N/A,4,N/A,6cb8b15a-e329-4c87-88e0-199b03071160,deb89d6b-757b-4ed4-8d3d-59ee0d4fbe04,N/A,3164f3c9-bce9-4ddf-9ae9-f254aad07bfe,2,N/A,1ecb57fd-22c8-4d34-9f8e-d06366823b10,N/A,9999,N/A,SM-G970U,11,NA,NA
2022-02-02T03:12:07Z,2022-02-02T03:12:06Z,batch-77nk2,Beeped Survey 1,78.00,76.00,N/A,19.00,N/A,25.00,N/A,5,8,N/A,4,19.00,N/A,N/A,N/A,4,N/A,e6b37cae-2122-4804-893b-8505a17035b5,bd5e38ad-ae6a-49ef-9f8e-0f9d90c79643,N/A,9175ff91-1c13-49d3-9282-6d9d7ff2942a,2,N/A,12c24a76-ef45-48ec-b936-4b5056d795e6,N/A,01Feb2022_s10e,N/A,SM-G970U,11,NA,NA
2022-02-02T11:39:07Z,2022-02-02T09:39:06Z,amido-5q6w6,Beeped Survey 1,43,N/A,6,42,N/A,N/A,59,1,2,NA,"1,3,4",54,N/A,NA,N/A,1,NA,CFE00801-745C-4353-8DDB-D91CDA898848,12DD63B8-16D2-45E6-ABC1-7BC4F9D6E631,NA,441F740E-BEDA-4FD6-BCA6-1D69A7A0590F,2,N/A,1CF42F30-11B0-4B38-A064-66B8E403483E,N/A,00000,N/A,"iPhone11,6",iOS 15.2.1,NA,NA
2022-02-02T12:51:13Z,2022-02-02T09:51:13Z,dumpy-xw5sz,Beeped Survey 1,74,N/A,4,78,N/A,N/A,27,4,1,NA,4,70,N/A,NA,N/A,1,NA,1A05E4B5-736C-4E03-84CB-980F1BBCB9D6,F3FBCFC1-C8DC-4876-87BC-D91D2DB632FE,NA,D1B877CC-8E42-4862-B643-4535F089D205,2,N/A,565EC0BB-EAAA-4EDD-82FD-13CA89207EE4,N/A,0013,N/A,"iPhone11,8",iOS 15.2.1,NA,NA
2022-02-03T14:44:18Z,2022-02-03T11:44:17Z,bank-ly7om,Beeped Survey 1,35,87,N/A,54,N/A,52,N/A,4,10,NA,"1,4,10,6",54,N/A,NA,N/A,8,NA,74CB9424-322F-487C-8A0E-A2E1532BF6A6,019EB850-221C-4B76-9F7A-1FEA87C1023A,NA,945B24CE-D129-4730-9F65-F04C297CA33E,1,4,1E5B4F6B-204A-4DC2-BC55-CBAAC22E6DC2,N/A,9999_ucr,2022-02-03 10:53:00,"iPhone12,3",iOS 15.2.1,NA,NA
2022-02-04T13:09:55Z,2022-02-04T10:09:54Z,bank-ly7om,Beeped Survey 1,43,N/A,7,59,N/A,N/A,67,4,1,NA,"4,10",39,N/A,NA,N/A,1,NA,248258FD-54A1-46FA-AF96-8A368ACD9780,6D036B69-F15F-44EF-9790-A9A0E88E07F0,NA,467D89B6-0103-4794-8FB6-B8B726799089,1,4,50BD2BBF-1EDE-4171-85FC-08CC479528E2,N/A,9999_ucr,2022-02-04 10:04:00,"iPhone12,3",iOS 15.2.1,NA,NA
2022-02-04T15:46:36Z,2022-02-04T11:36:34Z,cars-n8r51,Beeped Survey 1,88.00,72.00,N/A,18.00,N/A,N/A,N/A,5,5,N/A,4,78.00,N/A,N/A,N/A,4,N/A,N/A,N/A,N/A,N/A,N/A,N/A,N/A,N/A,UploadTest_4Feb2022,N/A,SM-G970U,11,NA,NA
2022-02-04T15:46:37Z,2022-02-04T15:45:40Z,cars-n8r51,Beeped Survey 1,20.00,23.00,N/A,81.00,N/A,81.00,N/A,5,6,N/A,5,85.00,N/A,N/A,N/A,4,N/A,N/A,N/A,N/A,N/A,N/A,N/A,N/A,N/A,UploadTest_4Feb2022,N/A,SM-G970U,11,NA,NA
2022-02-04T17:17:43Z,2022-02-04T17:12:51Z,drank-as4nj,Beeped Survey 1,76.00,N/A,N/A,26.00,N/A,N/A,N/A,5,6,N/A,N/A,N/A,N/A,N/A,N/A,N/A,N/A,N/A,N/A,N/A,N/A,N/A,N/A,N/A,N/A,UploadCheck,N/A,Mi A2,8.1.0,NA,NA
2022-02-06T08:19:15Z,2022-02-05T08:33:27Z,drank-as4nj,Beeped Survey 1,75.00,29.00,N/A,30.00,N/A,30.00,N/A,6,5,N/A,4,73.00,N/A,N/A,N/A,5,N/A,N/A,N/A,N/A,N/A,N/A,N/A,N/A,N/A,UploadCheck,N/A,Mi A2,8.1.0,NA,NA
2022-02-06T09:01:29Z,2022-02-06T09:01:26Z,drank-as4nj,Beeped Survey 1,99.00,N/A,"5,6,7",26.00,N/A,N/A,16.00,N/A,1,N/A,"1,4,5,11",0.00,N/A,N/A,N/A,1,N/A,4ce81b55-b3aa-4e9d-bbbf-cba2ffb5f57a,588e0d5f-88d8-476b-b76b-2f309ae42b73,N/A,26c66cb1-7146-48fc-a52d-e6c07dc9bf37,1,"1,3",fa9beee5-8220-4321-920c-a2c670a5edb6,N/A,UploadCheck,N/A,Mi A2,8.1.0,NA,NA
2022-02-06T09:21:49Z,2022-02-06T09:21:49Z,ephod-cs5i9,Beeped Survey 1,24,39,N/A,100,N/A,0,N/A,4,"3,6,4",NA,"9,11",25,N/A,NA,N/A,4,NA,CAA566EE-656F-4727-9535-6759D48D25B0,1A2CD907-A992-4A4B-ACA1-949F718EE1D5,NA,0F14F260-9A0A-4D6E-A1F3-136A3935ADE4,2,N/A,E7D9061B-082D-4173-AF61-0687F94EB518,N/A,UploadCheck_iOS,2022-02-06 08:34:16,"iPhone11,8",iOS 15.1,NA,NA
2022-02-06T10:17:58Z,2022-02-06T10:17:57Z,drank-as4nj,Beeped Survey 1,50.00,N/A,N/A,50.00,N/A,N/A,N/A,N/A,N/A,N/A,N/A,50.00,N/A,N/A,N/A,N/A,N/A,014db866-381d-4cce-8da4-6d8e2db69679,7844c141-f2fb-4af3-b0ea-a28fc0bf941f,N/A,ced8080f-a487-41bf-b98c-84f2fd30df73,2,N/A,ae9c920a-0f39-46e7-91bd-0b8032827949,N/A,UploadCheck,N/A,Mi A2,8.1.0,NA,NA
2022-02-06T10:17:59Z,2022-02-06T10:17:58Z,ephod-cs5i9,Beeped Survey 1,50,N/A,N/A,50,N/A,N/A,N/A,N/A,N/A,NA,N/A,50,N/A,NA,N/A,N/A,NA,F0C80F65-65CA-4993-AB5C-76FD89E35F04,B8AB2EA9-49D6-4914-B50A-7B43BE49DC7F,NA,A71D486A-451E-4003-850E-DD18E4E4410A,2,N/A,70C46FCA-FA09-45E1-9ADC-D3906B6C3AD3,N/A,UploadCheck_iOS,N/A,"iPhone11,8",iOS 15.1,NA,NA
2022-02-06T10:32:04Z,2022-02-06T10:32:04Z,ephod-cs5i9,Beeped Survey 1,13,N/A,N/A,86,N/A,N/A,N/A,N/A,N/A,NA,N/A,N/A,N/A,NA,N/A,N/A,NA,F2FE64A7-0A50-458B-9247-9053A010DB5D,3223AC92-63BD-46B7-9AC1-F6C329897255,NA,3407D89D-7EE5-4A73-BC0B-C960642FA2D0,N/A,N/A,9D710352-DC97-4822-9F10-DAD8B31C547F,N/A,UploadCheck_iOS,N/A,"iPhone11,8",iOS 15.1,NA,NA
2022-02-06T10:32:04Z,2022-02-06T10:32:04Z,ephod-cs5i9,Beeped Survey 1,86,N/A,N/A,17,N/A,N/A,N/A,N/A,N/A,NA,N/A,19,N/A,NA,N/A,N/A,NA,N/A,F1569A89-799E-41BD-9C40-73A4C3501EBE,N/A,N/A,N/A,N/A,N/A,N/A,UploadCheck_iOS,N/A,"iPhone11,8",iOS 15.1,NA,NA
2022-02-06T10:55:52Z,2022-02-06T10:55:52Z,ephod-cs5i9,Beeped Survey 1,82,N/A,N/A,32,N/A,N/A,N/A,N/A,N/A,NA,N/A,N/A,N/A,NA,N/A,N/A,NA,6057C1BB-2A01-4C10-A8D4-0847CE0D3FD0,58702CA2-9059-4302-BC81-544E965229B0,NA,65CF5B17-AFB5-4EBE-9872-ACE9FA48994D,N/A,N/A,9A542EC7-7827-407B-96A8-872C7994BFBA,N/A,UploadCheck_iOS,N/A,"iPhone11,8",iOS 15.1,NA,NA
2022-02-06T10:56:07Z,2022-02-06T10:56:06Z,fezzy-w56m0,Beeped Survey 1,50.00,N/A,N/A,50.00,N/A,N/A,N/A,N/A,N/A,N/A,N/A,50.00,N/A,N/A,N/A,N/A,N/A,cdc4b70b-57bd-43d9-ae66-9df561e36f0c,44ee49c2-f99a-4681-b684-ea0ae5ffc010,N/A,5362473f-a7b6-4a0e-a552-773dc8743818,N/A,N/A,93fa4e34-667e-4e7c-b286-95b09326bafc,N/A,S10e_06Feb2022,N/A,SM-G970U,11,NA,NA
2022-02-06T10:56:07Z,2022-02-06T10:51:47Z,fezzy-w56m0,Beeped Survey 1,52.00,N/A,N/A,N/A,N/A,N/A,N/A,N/A,N/A,N/A,N/A,N/A,N/A,N/A,N/A,N/A,N/A,N/A,N/A,N/A,N/A,N/A,N/A,N/A,N/A,S10e_06Feb2022,N/A,SM-G970U,11,NA,NA
2022-02-08T02:49:04Z,2022-02-08T08:11:37Z,allee-vc51p,Beeped Survey 1,70.00,N/A,N/A,N/A,N/A,N/A,N/A,N/A,N/A,N/A,N/A,N/A,N/A,N/A,N/A,N/A,N/A,N/A,N/A,N/A,N/A,N/A,N/A,N/A,N/A,"test, test",N/A,SM-G950U,9,NA,NA
2022-02-08T02:51:11Z,2022-02-08T10:50:39Z,allee-vc51p,Beeped Survey 1,35.00,N/A,N/A,N/A,N/A,N/A,N/A,N/A,N/A,N/A,N/A,N/A,N/A,N/A,N/A,N/A,N/A,N/A,N/A,N/A,N/A,N/A,N/A,N/A,N/A,"test, test",2022-02-08 10:50:19,SM-G950U,9,NA,NA
2022-02-08T02:51:39Z,2022-02-08T10:51:20Z,allee-vc51p,Beeped Survey 1,74.00,N/A,N/A,N/A,N/A,N/A,N/A,N/A,N/A,N/A,N/A,N/A,N/A,N/A,N/A,N/A,N/A,N/A,N/A,N/A,N/A,N/A,N/A,N/A,N/A,"test, test",N/A,SM-G950U,9,NA,NA
2022-02-08T11:25:43Z,2022-02-08T09:06:28Z,allee-vc51p,Beeped Survey 1,41.00,N/A,N/A,N/A,N/A,N/A,N/A,N/A,N/A,N/A,N/A,N/A,N/A,N/A,N/A,N/A,N/A,N/A,N/A,N/A,N/A,N/A,N/A,N/A,N/A,"test, test",2022-02-08 09:06:15,SM-G950U,9,NA,NA
2022-02-08T11:25:45Z,2022-02-09T10:29:25Z,allee-vc51p,Beeped Survey 1,60.00,N/A,N/A,N/A,N/A,N/A,N/A,N/A,N/A,N/A,N/A,N/A,N/A,N/A,N/A,N/A,N/A,N/A,N/A,N/A,N/A,N/A,N/A,N/A,N/A,"test, test",2022-02-09 10:29:16,SM-G950U,9,NA,NA
2022-02-08T11:31:12Z,2022-02-08T11:31:11Z,allee-vc51p,Beeped Survey 1,43.00,N/A,N/A,N/A,N/A,N/A,N/A,N/A,N/A,N/A,N/A,N/A,N/A,N/A,N/A,N/A,N/A,N/A,N/A,N/A,N/A,N/A,N/A,N/A,N/A,"test, test",N/A,SM-G950U,9,NA,NA
2022-01-18T08:02:04Z,2022-01-18T08:02:03Z,curdy-ls0rn,Beeped Survey 2,N/A,N/A,N/A,N/A,NA,N/A,N/A,N/A,N/A,NA,N/A,N/A,NA,N/A,N/A,N/A,N/A,N/A,N/A,N/A,N/A,N/A,N/A,N/A,N/A,N/A,N/A,N/A,NA,NA,tired_iOS
2022-01-18T12:23:37Z,2022-01-18T12:23:36Z,frug-xl3j7,Beeped Survey 2,13.17,23.65,N/A,85.69,NA,87.54,N/A,6,2,NA,4,88.10,NA,N/A,N/A,5,NA,E9D70864-1F9E-4361-B37C-C17AEB4D4315,3E737716-544F-45BE-B48F-F8FB984AF90F,NA,9899AC85-B8B3-41DE-823A-A589A662D66C,2,N/A,8B71FD1A-CA7E-4FF5-8EE7-751F85102A3E,N/A,N/A,N/A,N/A,NA,NA,"iOS_18Jan2022, Check_stickiness"
2022-01-18T12:29:36Z,2022-01-18T12:29:33Z,idol-pp00v,Beeped Survey 2,21.00,16.00,N/A,79.00,NA,84.00,N/A,7,"4,6,7",N/A,"4,5",80.00,NA,N/A,N/A,6,N/A,a9b478fb-6786-432b-80f8-f57e65c82ff1,04f8b1b2-7729-42b4-9d8c-f8db1d8479a7,N/A,e0a35be4-aeb8-4e78-888d-57d9de480824,1,4,802abb23-b1e1-437a-957f-7f5111fb5e5e,N/A,N/A,SM-G970U,11,NA,N/A,Android_18Jan2022
2022-01-19T11:29:15Z,2022-01-19T11:29:14Z,frug-xl3j7,Beeped Survey 2,24.08,76.77,N/A,80.17,NA,31.30,N/A,6,"3,4",NA,4,25.35,NA,N/A,N/A,5,NA,N/A,29584AEF-7D95-4530-95F4-CF0B3792AA67,N/A,N/A,N/A,N/A,N/A,N/A,N/A,N/A,N/A,NA,NA,"iOS_18Jan2022, Check_stickiness"
2022-01-19T11:29:15Z,2022-01-19T11:29:14Z,frug-xl3j7,Beeped Survey 2,82.72,82.44,N/A,19.97,NA,50.00,N/A,5,"4,5",NA,"2,4",76.49,NA,N/A,N/A,6,NA,ADA697DC-0637-4A58-9D08-EA4C9E49B046,4CC4C3B1-8AFA-43FA-802C-FFA04EC28A05,N/A,A90A144F-3AC8-4477-9DBD-98307C0F53B4,N/A,N/A,N/A,N/A,N/A,N/A,N/A,NA,NA,"iOS_18Jan2022, Check_stickiness"
2022-01-19T14:22:08Z,2022-01-19T14:22:07Z,sohs-ff5yv,Beeped Survey 2,18.74,24.25,3,78.90,NA,68.03,76.22,4,2,NA,5,16.22,NA,N/A,N/A,4,NA,BEF8B323-F1DF-4977-82F4-2903C3ED89CE,5561DE12-247F-475D-B47B-E41A19557CBF,NA,31C17517-8566-4D65-91A6-A074DAE82418,2,N/A,162BEEB0-83FA-416E-A030-A16B5B597B3B,N/A,N/A,N/A,N/A,NA,NA,iPhone7_checkIntake
2022-01-19T15:25:11Z,2022-01-19T15:25:10Z,fend-6lh42,Beeped Survey 2,84.00,N/A,N/A,24.00,NA,N/A,N/A,8,N/A,N/A,N/A,N/A,NA,N/A,N/A,N/A,N/A,N/A,N/A,N/A,N/A,N/A,N/A,N/A,N/A,N/A,Mi A2,8.1.0,NA,N/A,miA2_19Jan2022a
2022-01-19T18:40:17Z,2022-01-19T18:39:56Z,idol-pp00v,Beeped Survey 2,78.00,75.00,N/A,19.00,NA,20.00,N/A,5,"5,7",N/A,"2,1",82.00,NA,N/A,N/A,5,N/A,N/A,N/A,N/A,N/A,N/A,N/A,N/A,N/A,N/A,SM-G970U,11,NA,N/A,Android_18Jan2022
2022-01-19T18:41:18Z,2022-01-19T18:41:18Z,idol-pp00v,Beeped Survey 2,17.00,N/A,N/A,85.00,NA,N/A,N/A,5,1,N/A,N/A,N/A,NA,N/A,N/A,N/A,N/A,N/A,N/A,N/A,N/A,N/A,N/A,N/A,N/A,N/A,SM-G970U,11,NA,N/A,Android_18Jan2022
2022-01-20T10:01:23Z,2022-01-20T10:01:23Z,frug-xl3j7,Beeped Survey 2,82.15,N/A,N/A,16.57,NA,N/A,N/A,6,4,NA,6,80.74,NA,N/A,N/A,5,N/A,D50EB15E-136D-4F83-BF7E-52CF03892BC7,571F7095-B261-4E71-A003-5ED4D5843B6B,N/A,7C556169-E418-40F8-BAAB-D21E18B27BD2,N/A,N/A,847DAAAD-FEB0-45B0-9D8E-73DF4623D6CE,N/A,N/A,N/A,N/A,NA,NA,"iOS_18Jan2022, Check_stickiness"
2022-01-20T10:01:24Z,2022-01-20T10:01:23Z,frug-xl3j7,Beeped Survey 2,90.79,N/A,N/A,20.25,NA,N/A,N/A,4,"2,3,4,5,6,7,8,9,10",NA,2,N/A,NA,N/A,N/A,N/A,N/A,N/A,N/A,N/A,N/A,N/A,N/A,N/A,N/A,N/A,N/A,N/A,NA,N/A,"iOS_18Jan2022, Check_stickiness"
2022-01-20T13:21:18Z,2022-01-20T13:21:18Z,clary-sp0jp,Beeped Survey 2,71,70,1,72,NA,68,68,1,1,NA,1,65,NA,N/A,1,N/A,NA,N/A,9301A443-1AAB-4227-9A11-755F31C7B394,N/A,N/A,N/A,N/A,N/A,N/A,N/A,N/A,N/A,NA,NA,j
2022-01-20T13:25:50Z,2022-01-20T13:25:49Z,clary-sp0jp,Beeped Survey 2,N/A,N/A,N/A,N/A,NA,N/A,N/A,N/A,N/A,NA,N/A,N/A,NA,N/A,N/A,N/A,NA,N/A,6BC6BFFD-93FA-489C-93F1-D4A70FCAF7C0,N/A,N/A,N/A,N/A,N/A,N/A,N/A,N/A,N/A,NA,NA,j
2022-01-20T13:25:50Z,2022-01-20T13:25:49Z,clary-sp0jp,Beeped Survey 2,N/A,N/A,N/A,N/A,NA,N/A,N/A,N/A,N/A,NA,N/A,N/A,NA,N/A,3,N/A,N/A,N/A,N/A,N/A,N/A,N/A,N/A,N/A,N/A,N/A,N/A,N/A,NA,NA,j
2022-01-20T13:25:50Z,2022-01-20T13:25:49Z,clary-sp0jp,Beeped Survey 2,N/A,N/A,N/A,N/A,NA,N/A,N/A,N/A,N/A,NA,N/A,N/A,NA,N/A,1,N/A,N/A,N/A,N/A,N/A,N/A,N/A,N/A,N/A,N/A,N/A,N/A,N/A,NA,NA,j
2022-01-20T13:25:50Z,2022-01-20T13:25:49Z,clary-sp0jp,Beeped Survey 2,71,70,1,72,NA,68,68,1,1,NA,1,65,NA,N/A,1,N/A,NA,N/A,9301A443-1AAB-4227-9A11-755F31C7B394,N/A,N/A,N/A,N/A,N/A,N/A,N/A,N/A,N/A,NA,NA,j
2022-01-20T13:25:50Z,2022-01-20T13:25:49Z,clary-sp0jp,Beeped Survey 2,N/A,N/A,N/A,N/A,NA,N/A,N/A,N/A,N/A,NA,N/A,N/A,NA,N/A,N/A,N/A,NA,F0F93FA7-362F-43E3-9B90-5960A8F89162,255D19F3-8F8F-4C39-A063-4AD565FDD792,N/A,CFFD1194-5F1B-44EE-AC10-6D9F94D7C3CB,N/A,N/A,C64AE704-B1BB-40AB-9CF1-3C1591FED71B,N/A,N/A,N/A,N/A,NA,NA,j
2022-01-20T13:25:50Z,2022-01-20T13:25:49Z,clary-sp0jp,Beeped Survey 2,N/A,N/A,N/A,N/A,NA,N/A,N/A,N/A,N/A,NA,2,67,NA,N/A,2,N/A,N/A,N/A,N/A,N/A,N/A,N/A,N/A,N/A,N/A,N/A,N/A,N/A,NA,NA,j
2022-01-20T13:25:51Z,2022-01-20T13:25:49Z,clary-sp0jp,Beeped Survey 2,N/A,N/A,N/A,N/A,NA,N/A,N/A,N/A,N/A,NA,N/A,N/A,NA,N/A,N/A,3,N/A,N/A,N/A,N/A,N/A,N/A,N/A,N/A,N/A,N/A,N/A,N/A,NA,NA,j
2022-01-20T15:21:11Z,2022-01-20T15:21:10Z,fend-6lh42,Beeped Survey 2,82.00,N/A,N/A,16.00,NA,N/A,N/A,5,"7,5",N/A,N/A,N/A,NA,N/A,N/A,N/A,N/A,N/A,N/A,N/A,N/A,N/A,N/A,N/A,N/A,N/A,Mi A2,8.1.0,NA,N/A,miA2_19Jan2022a
2022-01-20T21:01:11Z,2022-01-20T11:27:37Z,along-p98t6,Beeped Survey 2,19.00,17.00,N/A,76.00,NA,81.00,N/A,5,"8,5",N/A,"4,3",78.00,NA,N/A,N/A,4,N/A,N/A,N/A,N/A,N/A,N/A,N/A,N/A,N/A,N/A,SM-G970U,11,NA,N/A,S10e_20Jan2022
2022-01-22T16:43:46Z,2022-01-22T16:43:44Z,bevy-qy3l1,Beeped Survey 2,18.00,82.00,N/A,86.00,NA,20.00,N/A,6,"4,5",N/A,"4,5,7,6",21.00,NA,N/A,N/A,4,N/A,45283afa-4472-4137-a732-35e33de47831,b2508837-71cc-4b0c-8352-5995d7ce98ed,N/A,72019270-e966-4ecb-90ca-55665b377b4a,N/A,N/A,N/A,N/A,N/A,SM-G970U,11,NA,N/A,Start22Jan2022_S10e
2022-01-24T18:55:57Z,2022-01-24T18:55:56Z,soba-in7ah,Beeped Survey 2,22,N/A,4,90,NA,N/A,N/A,5,4,NA,1,20,NA,NA,N/A,1,N/A,N/A,N/A,N/A,N/A,N/A,N/A,N/A,N/A,2022-01-24 17:51:06,"iPhone13,3",iOS 15.2.1,NA,N/A,StickyScreenTest
2022-01-25T13:20:44Z,2022-01-25T13:20:43Z,feyer-hf3s4,Beeped Survey 2,20,24,N/A,85,NA,N/A,N/A,4,1,NA,2,76,NA,NA,N/A,4,N/A,N/A,N/A,N/A,N/A,N/A,N/A,N/A,N/A,N/A,"iPhone9,1",iOS 15.2.1,NA,N/A,iOS7_24Jan
2022-01-25T13:20:44Z,2022-01-25T13:20:43Z,feyer-hf3s4,Beeped Survey 2,79,82,N/A,16,NA,9,N/A,4,3,NA,4,75,NA,NA,N/A,4,NA,5398EDBC-3AA5-4CD7-A876-EF4BE348698D,B720EF70-BB98-4079-B801-9ED17E79FB91,NA,808BDD67-981E-4B0B-8E46-97409991FB28,1,4,EF02743C-F4B2-45AB-B303-C0C94541313E,N/A,2022-01-25 12:35:00,"iPhone9,1",iOS 15.2.1,NA,N/A,iOS7_24Jan
2022-01-26T07:01:38Z,2022-01-26T07:01:37Z,escar-vi0z3,Beeped Survey 2,8,77,N/A,87,NA,22,N/A,6,"2,5",NA,5,10,NA,NA,N/A,4,NA,N/A,N/A,N/A,N/A,N/A,N/A,N/A,N/A,2022-01-25 12:58:00,"iPhone11,8",iOS 15.1,NA,N/A,24Jan2022_iOS
2022-01-26T13:03:17Z,2022-01-26T13:03:17Z,escar-vi0z3,Beeped Survey 2,25,16,N/A,78,NA,75,N/A,6,2,NA,5,80,NA,NA,N/A,6,NA,N/A,A6C59874-C71E-4559-9284-AA1E214B5A57,N/A,N/A,N/A,N/A,N/A,N/A,2022-01-26 12:20:00,"iPhone11,8",iOS 15.1,NA,N/A,24Jan2022_iOS
2022-01-26T13:03:17Z,2022-01-26T13:03:17Z,escar-vi0z3,Beeped Survey 2,22,N/A,N/A,80,NA,N/A,N/A,4,3,NA,1,N/A,NA,N/A,N/A,N/A,N/A,N/A,N/A,N/A,N/A,N/A,N/A,N/A,N/A,N/A,"iPhone11,8",iOS 15.1,NA,N/A,24Jan2022_iOS
2022-01-26T13:03:17Z,2022-01-26T13:03:17Z,escar-vi0z3,Beeped Survey 2,16,79,N/A,80,NA,N/A,N/A,4,"4,7",NA,"2,4",21,NA,NA,N/A,4,NA,A77A112D-54E5-4D7A-B4F6-73B1D6EBFC61,6622193E-F0F8-41C6-9289-563A2B2F63E1,NA,F86555D4-9AA2-4E35-ACCE-8C91F010E425,2,N/A,041C237F-55EE-4490-A83F-CD89AF5BFDD2,N/A,2022-01-26 12:24:00,"iPhone11,8",iOS 15.1,NA,N/A,24Jan2022_iOS
2022-01-26T13:27:10Z,2022-01-26T13:27:08Z,limo-f8i9a,Beeped Survey 2,85.00,69.00,N/A,11.00,NA,25.00,N/A,5,"2,6",N/A,"2,1",100.00,NA,N/A,N/A,4,N/A,54261f43-a2b3-438c-a6fa-44a2cf80753d,a489efd4-aa3b-4e2a-a08f-7f5dbb1cf491,N/A,N/A,N/A,N/A,N/A,N/A,N/A,Mi A2,8.1.0,NA,N/A,Mi20_25Jan
2022-01-26T13:45:39Z,2022-01-26T13:00:08Z,sumo-1wi4e,Beeped Survey 2,24.00,14.00,N/A,50.00,NA,66.00,N/A,4,"8,4",N/A,"2,1",81.00,NA,N/A,N/A,4,N/A,a26625cc-707b-4b8e-bae5-de4914eb02fa,c9cdf372-9278-4e80-ab4e-c144b2bb5bbb,N/A,4b0bb818-2b71-47d3-9c35-f99996f1d69e,N/A,N/A,fbdf8ebe-709a-4b7f-8ef5-53eb18bf7c25,N/A,N/A,SM-G970U,11,NA,N/A,DataUploadTest_25Jan
2022-01-26T17:52:00Z,2022-01-26T17:48:19Z,benny-yq5b5,Beeped Survey 2,22.00,28.00,N/A,82.00,NA,82.00,N/A,4,"7,4",N/A,"3,5",80.00,NA,N/A,N/A,4,N/A,N/A,5dcf6af2-d64d-4278-9516-5396ee67979d,N/A,N/A,N/A,N/A,N/A,N/A,N/A,Mi A2,8.1.0,NA,N/A,Mi6_25Jan
2022-01-27T08:07:09Z,2022-01-27T08:07:08Z,feyer-hf3s4,Beeped Survey 2,22,85,N/A,83,NA,17,N/A,4,1,NA,3,19,NA,NA,N/A,4,NA,40847059-2347-446D-9FE3-2B7E8892D7B5,2D3C0A62-014D-4CEE-BE23-9DCE87CA461B,NA,FF516CBE-ED56-4013-8D4C-9D95329A17A0,N/A,N/A,F96CD39D-F47D-4B7D-AA8C-C50CA969BC1E,N/A,2022-01-26 12:11:00,"iPhone9,1",iOS 15.2.1,NA,N/A,iOS7_24Jan
2022-01-28T07:27:21Z,2022-01-28T07:27:21Z,feyer-hf3s4,Beeped Survey 2,18,11,N/A,72,NA,79,N/A,4,4,NA,3,77,NA,NA,N/A,4,NA,9E766A81-BF61-4D70-AE0D-7C69D6182978,CFFFB107-12D5-419C-B2FC-F81A4168EBF0,NA,BD4BDF79-10F1-4576-9292-187F283AC59E,2,N/A,DD65DD91-568C-4353-8621-3C61AC9B7FBC,N/A,2022-01-27 13:11:00,"iPhone9,1",iOS 15.2.1,NA,N/A,iOS7_24Jan
2022-01-28T14:07:41Z,2022-01-28T14:06:51Z,math-yw88g,Beeped Survey 2,76.00,25.00,N/A,28.00,NA,74.00,N/A,6,4,N/A,4,74.00,NA,N/A,N/A,5,N/A,N/A,bfca56da-652b-496b-9b4c-c255b0196dbf,N/A,N/A,N/A,N/A,N/A,N/A,N/A,Mi A2,8.1.0,NA,N/A,MiA4_26Jan
2022-01-31T07:53:40Z,2022-01-30T12:33:34Z,airer-jc0sm,Beeped Survey 2,26.00,27.00,N/A,79.00,NA,71.00,N/A,5,"8,3",N/A,1,84.00,NA,N/A,N/A,5,N/A,N/A,47dde38e-67aa-47d4-882f-c1de24e7f761,N/A,N/A,N/A,N/A,N/A,N/A,N/A,SM-G970U,11,NA,N/A,29Jan_S10e
2022-02-02T03:15:41Z,2022-02-02T03:15:40Z,batch-77nk2,Beeped Survey 2,74.00,20.00,N/A,22.00,NA,75.00,N/A,4,"7,4",N/A,4,79.00,NA,N/A,N/A,4,N/A,dbbe64bf-219b-4450-bec9-8c44c0a78e42,0aa70785-c476-406c-8c92-79cc6bedbe60,N/A,1df8a91a-d629-4a06-9091-e48af47abf89,1,"5,4,2",671051ac-71a2-43bf-86dc-65d75e597d30,N/A,N/A,SM-G970U,11,NA,N/A,01Feb2022_s10e
2022-02-02T12:53:09Z,2022-02-02T09:53:08Z,dumpy-xw5sz,Beeped Survey 2,80,N/A,4,79,NA,N/A,20,4,1,NA,4,74,NA,NA,N/A,1,NA,N/A,N/A,N/A,N/A,N/A,N/A,N/A,N/A,N/A,"iPhone11,8",iOS 15.2.1,NA,N/A,0013
2022-02-03T18:26:56Z,2022-02-03T15:26:55Z,bank-ly7om,Beeped Survey 2,39,N/A,6,64,NA,N/A,64,4,1,NA,"9,4",72,NA,NA,N/A,1,NA,E98B510F-8477-41AA-A07E-3C2669E117D9,6111292D-F1D9-4F93-8305-0EE4A49F4E4B,NA,CEDEE592-5510-4D0C-B1E3-46F038ABEEB1,2,N/A,D7D8E1B8-4B6A-4E35-9DE9-06806428A8EB,N/A,2022-02-03 15:01:00,"iPhone12,3",iOS 15.2.1,NA,N/A,9999_ucr
2022-02-04T15:46:37Z,2022-02-04T15:44:38Z,cars-n8r51,Beeped Survey 2,79.00,72.00,N/A,23.00,NA,23.00,N/A,7,6,N/A,4,78.00,NA,N/A,N/A,5,N/A,N/A,3309546a-750f-4622-83c7-0200d60f4cab,N/A,N/A,N/A,N/A,N/A,N/A,N/A,SM-G970U,11,NA,N/A,UploadTest_4Feb2022
2022-02-04T17:17:43Z,2022-02-04T17:13:28Z,drank-as4nj,Beeped Survey 2,24.00,N/A,N/A,78.00,NA,N/A,N/A,5,"2,6",N/A,4,21.00,NA,N/A,N/A,4,N/A,N/A,N/A,N/A,N/A,N/A,N/A,N/A,N/A,N/A,Mi A2,8.1.0,NA,N/A,UploadCheck
2022-02-06T11:40:42Z,2022-02-06T11:40:42Z,ephod-cs5i9,Beeped Survey 2,N/A,N/A,N/A,N/A,NA,N/A,N/A,N/A,N/A,NA,N/A,N/A,NA,NA,N/A,N/A,NA,1DBC8A57-5113-47FC-B69A-DB6A188A3B3A,8B2B40A0-9AD9-4027-87FC-F43F5023D574,NA,AB479252-0166-4478-A6C7-AEE829C8C1D6,N/A,N/A,0AA0A01D-62BA-4ED4-860E-0E5276CBAFE8,N/A,N/A,"iPhone11,8",iOS 15.1,NA,N/A,UploadCheck_iOS
2022-02-06T11:46:20Z,2022-02-06T11:46:19Z,ephod-cs5i9,Beeped Survey 2,21,N/A,N/A,85,NA,N/A,N/A,N/A,N/A,NA,N/A,16,NA,NA,N/A,N/A,NA,E1E66F13-D16F-407F-A43C-5A8A5F0F49F8,C28AF4BD-141A-46E5-A27A-A705C038530C,NA,FDA98C83-F612-4BD1-A909-FAF9FB31231F,N/A,N/A,B57B4F78-267F-49F3-B7A9-253F20851734,N/A,N/A,"iPhone11,8",iOS 15.1,NA,N/A,UploadCheck_iOS
2022-02-06T12:56:32Z,2022-02-06T12:56:31Z,fezzy-w56m0,Beeped Survey 2,18.00,81.00,N/A,76.00,NA,20.00,N/A,3,"6,5,7,8,4,3,2,9,10",N/A,"6,12,3",24.00,NA,N/A,N/A,3,N/A,347cc307-1fdf-4bc4-a044-b685e4e66431,e55dc419-3a8c-4263-bd43-0821c26777c4,N/A,e5f8bee4-7b5e-497d-9b14-9a6bbcb92a92,1,"4,5,3,1,2",59140b3e-ba3e-467d-977f-bbc0d9c18a26,N/A,N/A,SM-G970U,11,NA,N/A,S10e_06Feb2022
2022-02-06T13:19:54Z,2022-02-06T13:19:54Z,ephod-cs5i9,Beeped Survey 2,19,28,N/A,76,NA,74,N/A,4,3,NA,"3,4",35,NA,NA,N/A,3,NA,1BC7DE82-593C-4B82-878D-2DDC6CC4E11F,B1AFCC79-6513-4CDD-B291-5B0322770B55,NA,DB194092-8A2A-49F5-BD29-5AD648CC23B9,1,5,ADE5C611-9D70-475C-868D-F22C5DD84730,N/A,2022-02-06 13:02:00,"iPhone11,8",iOS 15.1,NA,N/A,UploadCheck_iOS
2022-02-06T13:28:39Z,2022-02-06T13:28:37Z,drank-as4nj,Beeped Survey 2,0.00,100.00,N/A,100.00,NA,0.00,N/A,1,10,N/A,1,0.00,NA,N/A,N/A,10,N/A,4afa66be-6953-4c91-961f-000d7bfa3e16,ad260d30-5dd5-4f60-9859-a356d50e6e5b,N/A,e973e71e-6504-4a58-9e90-0d58b6cfe6ad,2,N/A,9dac47f7-6c58-4e18-b0a5-adb77b83099d,N/A,N/A,Mi A2,8.1.0,NA,N/A,UploadCheck
2022-02-07T11:09:31Z,2022-02-07T14:34:26Z,allee-vc51p,Beeped Survey 2,69.00,N/A,N/A,N/A,NA,N/A,N/A,N/A,N/A,N/A,N/A,N/A,NA,N/A,N/A,N/A,N/A,N/A,N/A,N/A,N/A,N/A,N/A,N/A,N/A,N/A,SM-G950U,9,NA,N/A,"test, test"
2022-02-08T11:30:56Z,2022-02-08T11:30:56Z,allee-vc51p,Beeped Survey 2,56.00,N/A,N/A,N/A,NA,N/A,N/A,N/A,N/A,N/A,N/A,N/A,NA,N/A,N/A,N/A,N/A,N/A,N/A,N/A,N/A,N/A,N/A,N/A,N/A,N/A,SM-G950U,9,NA,N/A,"test, test"
2022-02-08T11:31:27Z,2022-02-08T11:31:26Z,allee-vc51p,Beeped Survey 2,62.00,N/A,N/A,N/A,NA,N/A,N/A,N/A,N/A,N/A,N/A,N/A,NA,N/A,N/A,N/A,N/A,N/A,N/A,N/A,N/A,N/A,N/A,N/A,N/A,N/A,SM-G950U,9,NA,N/A,"test, test"
2022-02-08T11:32:06Z,2022-02-08T11:32:05Z,allee-vc51p,Beeped Survey 2,32.00,N/A,N/A,N/A,NA,N/A,N/A,N/A,N/A,N/A,N/A,N/A,NA,N/A,N/A,N/A,N/A,N/A,N/A,N/A,N/A,N/A,N/A,N/A,N/A,N/A,SM-G950U,9,NA,N/A,"test, test"
2022-02-08T11:59:41Z,2022-02-08T11:59:40Z,allee-vc51p,Beeped Survey 2,55.00,N/A,N/A,N/A,NA,N/A,N/A,N/A,N/A,N/A,N/A,N/A,NA,N/A,N/A,N/A,N/A,N/A,N/A,N/A,N/A,N/A,N/A,N/A,N/A,N/A,SM-G950U,9,NA,N/A,"test, test"
2022-02-08T12:01:23Z,2022-02-08T15:47:43Z,allee-vc51p,Beeped Survey 2,45.00,N/A,N/A,N/A,NA,N/A,N/A,N/A,N/A,N/A,N/A,N/A,NA,N/A,N/A,N/A,N/A,N/A,N/A,N/A,N/A,N/A,N/A,N/A,N/A,2022-02-08 15:47:20,SM-G950U,9,NA,N/A,"test, test"
2022-02-08T16:51:22Z,2022-02-08T16:51:21Z,osar-9on4i,Beeped Survey 2,16,N/A,N/A,N/A,NA,N/A,N/A,N/A,N/A,N/A,N/A,N/A,NA,N/A,N/A,N/A,N/A,N/A,N/A,N/A,N/A,N/A,N/A,N/A,N/A,2022-02-08 15:56:12,"iPhone11,8",iOS 15.1,NA,N/A,iOS_Update_08Feb
2022-01-18T08:02:04Z,2022-01-18T08:02:03Z,curdy-ls0rn,Beeped Survey 3,21.25,25.78,3,N/A,NA,N/A,24.50,6,N/A,NA,1,82.15,NA,N/A,N/A,1,N/A,N/A,N/A,N/A,N/A,N/A,N/A,N/A,N/A,N/A,N/A,N/A,NA,NA,tired_iOS
2022-01-18T08:02:04Z,2022-01-18T08:02:03Z,curdy-ls0rn,Beeped Survey 3,81.87,N/A,3,20.40,NA,N/A,23.94,6,3,NA,2,78.47,NA,N/A,N/A,1,N/A,N/A,N/A,N/A,N/A,N/A,N/A,N/A,N/A,N/A,N/A,N/A,NA,NA,tired_iOS
2022-01-18T08:02:04Z,2022-01-18T08:02:03Z,curdy-ls0rn,Beeped Survey 3,17.85,81.16,3,83.29,NA,81.87,25.50,6,4,NA,3,79.04,NA,N/A,N/A,1,N/A,N/A,N/A,N/A,N/A,N/A,N/A,N/A,N/A,N/A,N/A,N/A,NA,NA,tired_iOS
2022-01-18T08:02:04Z,2022-01-18T08:02:03Z,curdy-ls0rn,Beeped Survey 3,20.40,76.77,3,76.91,NA,N/A,22.52,6,3,NA,6,81.87,NA,N/A,N/A,1,N/A,N/A,N/A,N/A,N/A,N/A,N/A,N/A,N/A,N/A,N/A,N/A,NA,NA,tired_iOS
2022-01-18T08:02:04Z,2022-01-18T08:02:03Z,curdy-ls0rn,Beeped Survey 3,N/A,N/A,N/A,N/A,NA,N/A,N/A,N/A,N/A,NA,N/A,N/A,NA,N/A,N/A,N/A,N/A,N/A,N/A,N/A,N/A,N/A,N/A,N/A,N/A,N/A,N/A,N/A,NA,NA,tired_iOS
2022-01-18T14:58:48Z,2022-01-18T14:58:48Z,frug-xl3j7,Beeped Survey 3,19.69,72.80,"3,4",78.47,NA,23.94,21.81,6,"4,3",NA,"1,2,3",21.67,NA,N/A,N/A,1,NA,FF2AC76E-D4C3-4783-9F1D-C98A0585BE69,0321726E-76CF-4812-95C2-EBB1F5C9DAAE,NA,77B46C5A-28CA-4964-9969-BF821FE5DB19,2,N/A,189C50A4-343A-4020-9F41-9E7D7EF5E83B,N/A,N/A,N/A,N/A,NA,NA,"iOS_18Jan2022, Check_stickiness"
2022-01-18T14:58:51Z,2022-01-18T14:58:48Z,idol-pp00v,Beeped Survey 3,76.00,19.00,N/A,25.00,NA,84.00,N/A,8,"3,4",N/A,"6,5,4",82.00,NA,N/A,N/A,4,N/A,c476a472-9582-4ea5-a101-99287264a6de,22d1ca4b-0e3b-4473-a039-fa0bef0b8ad1,N/A,11c73ea3-4967-40bf-aea2-86ee2c8d5e16,2,N/A,2fbc80c1-ebaa-477b-be90-c422a21b45a0,N/A,N/A,SM-G970U,11,NA,N/A,Android_18Jan2022
2022-01-18T19:02:30Z,2022-01-18T18:51:25Z,idol-pp00v,Beeped Survey 3,20.00,84.00,N/A,22.00,NA,24.00,N/A,5,1,N/A,"4,5",89.00,NA,N/A,N/A,5,N/A,534d35e0-9345-4a78-9cdc-275f25f1d9d8,7fc92cd8-c31d-40bc-81c4-495e7e05555c,N/A,b90bb094-ea26-4bf4-a877-36d38830d86b,N/A,N/A,N/A,N/A,N/A,SM-G970U,11,NA,N/A,Android_18Jan2022
2022-01-18T19:23:06Z,2022-01-18T19:23:05Z,frug-xl3j7,Beeped Survey 3,15.86,85.55,1,88.24,NA,21.95,12.89,4,"6,5,4",NA,"1,2",83.00,NA,N/A,N/A,5,NA,41F6C204-13B3-4A2B-B73D-86BD0B11F9CB,D71C6E36-61BD-4EFC-B44F-35DB442664C1,NA,8BC0C795-1435-4F99-9FA6-96919516D03B,2,N/A,5FCC5BC1-8791-4AED-BB9E-5E9AB3CED5C9,N/A,N/A,N/A,N/A,NA,NA,"iOS_18Jan2022, Check_stickiness"
2022-01-19T07:12:49Z,2022-01-19T07:12:49Z,frug-xl3j7,Beeped Survey 3,20.11,N/A,N/A,75.64,NA,N/A,N/A,5,2,NA,3,N/A,NA,N/A,N/A,N/A,N/A,N/A,N/A,N/A,N/A,N/A,N/A,N/A,N/A,N/A,N/A,N/A,NA,N/A,"iOS_18Jan2022, Check_stickiness"
2022-01-19T11:29:14Z,2022-01-19T11:29:14Z,frug-xl3j7,Beeped Survey 3,N/A,N/A,2,22.10,NA,N/A,N/A,5,5,NA,2,84.56,NA,N/A,N/A,5,N/A,N/A,7BA17FD6-BF8A-436A-8446-7A252C79D6DE,N/A,N/A,N/A,N/A,N/A,N/A,N/A,N/A,N/A,NA,NA,"iOS_18Jan2022, Check_stickiness"
2022-01-19T11:29:15Z,2022-01-19T11:29:14Z,frug-xl3j7,Beeped Survey 3,17.85,21.53,"6,5",83.85,NA,75.21,81.73,6,"2,4",NA,5,21.53,NA,N/A,N/A,3,NA,423E3E95-72F6-4E9B-966A-A5BE854855FD,33E719AA-451B-48B3-ABD3-2061161F75A8,NA,9C78D3A5-975D-4611-9704-B6D143E080E8,2,N/A,3854EFFF-22B5-4F88-AD56-57407F83E8DC,N/A,N/A,N/A,N/A,NA,NA,"iOS_18Jan2022, Check_stickiness"
2022-01-19T19:13:51Z,2022-01-19T19:13:49Z,idol-pp00v,Beeped Survey 3,26.00,83.00,N/A,80.00,NA,20.00,N/A,6,"5,6,7,8",N/A,2,17.00,NA,N/A,N/A,6,N/A,b9fa1555-026f-4cc2-b7f9-d10efbf1103f,89301a08-a5d5-48b6-8688-346daa8592a4,N/A,fab9f983-f9bb-4f86-a317-66229ec5c85a,2,N/A,46c6d583-9147-487e-ac5a-6a37de77b67d,N/A,N/A,SM-G970U,11,NA,N/A,Android_18Jan2022
2022-01-19T20:14:24Z,2022-01-19T20:14:23Z,fend-6lh42,Beeped Survey 3,24.00,N/A,N/A,83.00,NA,N/A,N/A,6,"3,5",N/A,"3,1",N/A,NA,N/A,N/A,N/A,N/A,N/A,N/A,N/A,N/A,N/A,N/A,N/A,N/A,N/A,Mi A2,8.1.0,NA,N/A,miA2_19Jan2022a
2022-01-19T20:14:24Z,2022-01-19T18:44:32Z,fend-6lh42,Beeped Survey 3,16.00,N/A,N/A,80.00,NA,N/A,N/A,5,5,N/A,4,25.00,NA,N/A,N/A,4,N/A,N/A,N/A,N/A,N/A,N/A,N/A,N/A,N/A,N/A,Mi A2,8.1.0,NA,N/A,miA2_19Jan2022a
2022-01-20T07:20:32Z,2022-01-19T19:17:49Z,idol-pp00v,Beeped Survey 3,20.00,77.00,N/A,82.00,NA,25.00,N/A,5,"6,5",N/A,3,24.00,NA,N/A,N/A,4,N/A,ecc0b238-7789-43fe-8b2f-aef078da8b9d,6396133a-7d62-45c5-9fdd-97e1a2a1f44c,N/A,N/A,N/A,N/A,N/A,N/A,N/A,SM-G970U,11,NA,N/A,Android_18Jan2022
2022-01-20T10:01:24Z,2022-01-20T10:01:23Z,frug-xl3j7,Beeped Survey 3,19.97,N/A,N/A,76.77,NA,N/A,N/A,6,"3,5",NA,4,N/A,NA,N/A,N/A,N/A,N/A,N/A,N/A,N/A,N/A,N/A,N/A,N/A,N/A,N/A,N/A,N/A,NA,N/A,"iOS_18Jan2022, Check_stickiness"
2022-01-20T10:01:24Z,2022-01-20T10:01:23Z,frug-xl3j7,Beeped Survey 3,20.40,N/A,N/A,83.71,NA,N/A,N/A,6,2,NA,5,N/A,NA,N/A,N/A,N/A,N/A,N/A,N/A,N/A,N/A,N/A,N/A,N/A,N/A,N/A,N/A,N/A,NA,N/A,"iOS_18Jan2022, Check_stickiness"
2022-01-20T10:01:24Z,2022-01-20T10:01:23Z,frug-xl3j7,Beeped Survey 3,24.08,80.88,1,74.65,NA,22.52,21.10,6,3,NA,3,17.42,NA,N/A,N/A,1,NA,DF5CC609-B1A0-4D4B-A574-620A8A254587,CECF00AE-A353-492D-AECB-D5731F4CF746,N/A,N/A,N/A,N/A,N/A,N/A,N/A,N/A,N/A,NA,NA,"iOS_18Jan2022, Check_stickiness"
2022-01-20T10:01:24Z,2022-01-20T10:01:23Z,frug-xl3j7,Beeped Survey 3,19.55,N/A,N/A,83.71,NA,N/A,N/A,6,4,NA,1,N/A,NA,N/A,N/A,N/A,N/A,N/A,N/A,N/A,N/A,N/A,N/A,N/A,N/A,N/A,N/A,N/A,NA,N/A,"iOS_18Jan2022, Check_stickiness"
2022-01-20T13:25:51Z,2022-01-20T13:25:49Z,clary-sp0jp,Beeped Survey 3,N/A,N/A,N/A,N/A,NA,N/A,N/A,N/A,N/A,NA,N/A,N/A,NA,N/A,3,N/A,N/A,N/A,N/A,N/A,N/A,N/A,N/A,N/A,N/A,N/A,N/A,N/A,NA,NA,j
2022-01-20T13:25:51Z,2022-01-20T13:25:49Z,clary-sp0jp,Beeped Survey 3,N/A,N/A,N/A,N/A,NA,N/A,N/A,N/A,N/A,NA,N/A,N/A,NA,N/A,N/A,3,N/A,N/A,N/A,N/A,N/A,N/A,N/A,N/A,N/A,N/A,N/A,N/A,NA,NA,j
2022-01-20T19:55:11Z,2022-01-20T19:55:10Z,fend-6lh42,Beeped Survey 3,79.00,N/A,N/A,24.00,NA,N/A,N/A,4,"5,6,7",N/A,4,N/A,NA,N/A,N/A,N/A,N/A,N/A,N/A,N/A,N/A,N/A,N/A,N/A,N/A,N/A,Mi A2,8.1.0,NA,N/A,miA2_19Jan2022a
2022-01-20T21:01:10Z,2022-01-20T21:01:10Z,along-p98t6,Beeped Survey 3,81.00,21.00,N/A,23.00,NA,61.00,N/A,8,"7,8",N/A,"8,9",24.00,NA,N/A,N/A,4,N/A,N/A,N/A,N/A,N/A,N/A,N/A,N/A,N/A,N/A,SM-G970U,11,NA,N/A,S10e_20Jan2022
2022-01-21T18:36:43Z,2022-01-21T18:36:41Z,axon-wl690,Beeped Survey 3,84.00,N/A,"1,4",24.00,NA,N/A,51.00,1,1,N/A,"3,4,5",34.00,NA,N/A,N/A,1,N/A,7e310f3d-0821-45ed-a9fe-17e5afa8bc51,a0f6df03-c694-4b0b-ac54-278a5ff65407,N/A,356ffec6-f725-4c4e-b551-e373b99335e1,1,3,b20ef877-f3a0-48fd-9c64-61b343e6ef79,N/A,N/A,SM-G970U,11,NA,N/A,21Jan2022
2022-01-22T20:24:36Z,2022-01-22T20:24:34Z,bevy-qy3l1,Beeped Survey 3,88.00,82.00,N/A,18.00,NA,21.00,N/A,6,"3,6",N/A,"3,5",20.00,NA,N/A,N/A,4,N/A,338bbe4d-a8e7-4675-8cbc-6dd0665d17ae,10d72147-602f-4039-a9da-e4e524756b61,N/A,f127be58-69e9-42c0-ba10-4f923caebfc7,1,"5,4,3,2,1",86cd4b4b-260c-4836-b2cf-cdcd87dec35c,N/A,N/A,SM-G970U,11,NA,N/A,Start22Jan2022_S10e
2022-01-22T20:30:46Z,2022-01-22T20:30:46Z,lobo-at8n4,Beeped Survey 3,77.00,85.00,N/A,25.00,NA,26.00,N/A,6,"4,6",N/A,5,20.00,NA,N/A,N/A,4,N/A,8d67b292-9c5b-4829-a93c-55fb89550ae9,85479218-7faf-4d85-ac71-6e4608c0ba93,N/A,1b913126-e9a8-411e-8a13-9b7b44a9e80f,2,N/A,20e9e98c-9a4f-45b9-99b9-af90ef2b3173,N/A,N/A,Mi A2,8.1.0,NA,N/A,MiA2_22Jan2022_4
2022-01-24T17:29:10Z,2022-01-24T17:29:10Z,besom-sx3mn,Beeped Survey 3,18.00,N/A,N/A,76.00,NA,N/A,N/A,4,8,N/A,"2,4",N/A,NA,N/A,N/A,N/A,N/A,N/A,N/A,N/A,N/A,N/A,N/A,N/A,N/A,N/A,SM-G970U,11,NA,N/A,24Jan2022-test
2022-01-25T07:07:50Z,2022-01-25T07:07:50Z,feyer-hf3s4,Beeped Survey 3,74,15,N/A,22,NA,79,N/A,4,3,NA,"2,4",79,NA,NA,N/A,4,NA,0FE4824E-0234-40A7-9D82-7C0E4BA13D6D,93C3117E-45CB-4542-BEA1-51150B7D95B7,NA,36D1ADC5-C030-43F3-B7C4-B15534D1CE49,2,N/A,96BF66A9-C70C-4751-A04C-E993016B6320,N/A,2022-01-24 17:18:00,"iPhone9,1",iOS 15.2.1,NA,N/A,iOS7_24Jan
2022-01-25T13:03:21Z,2022-01-25T13:03:21Z,soba-in7ah,Beeped Survey 3,89,N/A,N/A,20,NA,N/A,N/A,4,6,NA,4,78,NA,NA,N/A,N/A,N/A,N/A,N/A,N/A,N/A,N/A,N/A,N/A,N/A,2022-01-24 21:36:00,"iPhone13,3",iOS 15.2.1,NA,N/A,StickyScreenTest
2022-01-25T21:13:11Z,2022-01-25T21:13:10Z,benny-yq5b5,Beeped Survey 3,29.00,N/A,N/A,83.00,NA,N/A,N/A,3,1,N/A,"6,5,4",79.00,NA,N/A,N/A,N/A,N/A,N/A,N/A,N/A,N/A,N/A,N/A,N/A,N/A,N/A,Mi A2,8.1.0,NA,N/A,Mi6_25Jan
2022-01-26T16:48:42Z,2022-01-26T16:48:42Z,math-yw88g,Beeped Survey 3,18.00,16.00,N/A,79.00,NA,87.00,N/A,5,"5,3",N/A,"4,3,2",94.00,NA,N/A,N/A,3,N/A,e8571453-33b6-407e-9039-c5a2d8aea355,031163c3-a043-4062-8dba-1f8504c1de4e,N/A,c1a37080-1ed9-42fd-b2bf-cc392b8d4b65,2,N/A,6b76b79c-980d-43cf-974b-84a28e5a5652,N/A,N/A,Mi A2,8.1.0,NA,N/A,MiA4_26Jan
2022-01-26T17:07:56Z,2022-01-26T17:07:55Z,escar-vi0z3,Beeped Survey 3,81,77,N/A,17,NA,19,N/A,6,"2,4",NA,3,82,NA,NA,N/A,3,NA,1BED9CEB-1DC6-4FB4-B3B1-07484BECA681,5D3EA993-EA3A-419D-9A0B-CD2E9D0F51B5,NA,BD3B5987-3AFE-402D-9AC0-0786CC4C1CF1,2,N/A,E9C948E6-09EF-4595-A5DF-6EBC3BE5C284,N/A,2022-01-26 16:43:00,"iPhone11,8",iOS 15.1,NA,N/A,24Jan2022_iOS
2022-01-26T17:16:48Z,2022-01-26T17:16:46Z,limo-f8i9a,Beeped Survey 3,18.00,26.00,N/A,89.00,NA,86.00,N/A,6,"4,5",N/A,"4,3",86.00,NA,N/A,N/A,4,N/A,3e85a712-2326-4420-82dc-9d10490f7dd1,6555cfb2-749e-45ff-ab51-1f2a4128c590,N/A,5ecd8263-3657-4699-8092-a25fd3e9bd5a,2,N/A,470f5837-1dd5-4869-8ad8-6fc99328b340,N/A,N/A,Mi A2,8.1.0,NA,N/A,Mi20_25Jan
2022-01-26T17:33:03Z,2022-01-26T17:33:02Z,sumo-1wi4e,Beeped Survey 3,25.00,80.00,N/A,82.00,NA,19.00,N/A,5,"2,5",N/A,"1,4",19.00,NA,N/A,N/A,4,N/A,04f7b292-0c5e-4eaf-97a8-2df1c503346b,9ef4e0e2-1e43-49da-82f5-8db84d1db987,N/A,54026e5d-d71a-457b-b217-b522445f31db,2,N/A,bc59cf18-b054-488c-8c34-d00a980773c0,N/A,N/A,SM-G970U,11,NA,N/A,DataUploadTest_25Jan
2022-01-28T17:30:49Z,2022-01-28T17:30:49Z,math-yw88g,Beeped Survey 3,80.00,30.00,N/A,27.00,NA,25.00,N/A,5,3,N/A,3,71.00,NA,N/A,N/A,4,N/A,c04635fc-59c2-4615-af30-3da0b8ac13a5,78d448f1-e6fc-498e-b5cf-ed71ec5dd416,N/A,db59ac08-a98b-44cb-b14f-d965c512ae9e,2,N/A,e700e961-8cc7-4eeb-8cc1-09311b8719f1,N/A,N/A,Mi A2,8.1.0,NA,N/A,MiA4_26Jan
2022-01-30T08:41:28Z,2022-01-29T17:10:58Z,airer-jc0sm,Beeped Survey 3,76.00,N/A,3,32.00,NA,N/A,73.00,6,5,N/A,4,76.00,NA,N/A,N/A,1,N/A,N/A,972dfee7-1cb5-4181-8b39-e75932cdf338,N/A,N/A,N/A,N/A,N/A,N/A,N/A,SM-G970U,11,NA,N/A,29Jan_S10e
2022-01-31T07:53:40Z,2022-01-30T17:05:22Z,airer-jc0sm,Beeped Survey 3,24.00,82.00,N/A,84.00,NA,28.00,N/A,N/A,"3,5",N/A,3,20.00,NA,N/A,N/A,3,N/A,N/A,7ab6f751-9433-4352-a22d-d6a607f91786,N/A,N/A,N/A,N/A,N/A,N/A,N/A,SM-G970U,11,NA,N/A,29Jan_S10e
2022-02-02T03:18:55Z,2022-02-02T03:18:54Z,batch-77nk2,Beeped Survey 3,22.00,25.00,N/A,71.00,NA,69.00,N/A,5,7,N/A,3,22.00,NA,N/A,N/A,4,N/A,0a13258d-1507-4088-a07f-1a529e23d883,b5a198f0-0590-4794-ac46-5e753015f1ce,N/A,a7fe5caf-bfdf-4b98-8d50-d0e28c12197f,2,N/A,16d5c7e4-2e95-4c83-9800-f27e4b42305f,N/A,N/A,SM-G970U,11,NA,N/A,01Feb2022_s10e
2022-02-02T12:57:42Z,2022-02-02T09:57:41Z,dumpy-xw5sz,Beeped Survey 3,68,N/A,2,72,NA,N/A,30,4,1,NA,4,75,NA,NA,N/A,1,NA,5F76E3D6-4EDA-4594-85A3-6D9EF3A3096D,1E7C0A62-9813-4988-B888-53E82DF43293,NA,4880211F-50E7-4D81-839E-F511388E6FAB,2,N/A,1E8EC9B5-95F2-428B-93DB-916DA68C9178,N/A,N/A,"iPhone11,8",iOS 15.2.1,NA,N/A,0013
2022-02-04T17:17:42Z,2022-02-04T17:17:40Z,drank-as4nj,Beeped Survey 3,27.00,N/A,N/A,79.00,NA,N/A,N/A,4,8,N/A,N/A,N/A,NA,N/A,N/A,N/A,N/A,N/A,N/A,N/A,N/A,N/A,N/A,N/A,N/A,N/A,Mi A2,8.1.0,NA,N/A,UploadCheck
2022-02-04T17:17:43Z,2022-02-04T17:15:30Z,drank-as4nj,Beeped Survey 3,78.00,34.00,N/A,25.00,NA,77.00,N/A,5,3,N/A,4,76.00,NA,N/A,N/A,5,N/A,N/A,042153f3-9b9f-4f3c-bda7-5379b1af30c3,N/A,N/A,N/A,N/A,N/A,N/A,N/A,Mi A2,8.1.0,NA,N/A,UploadCheck
2022-02-04T21:24:04Z,2022-02-04T18:24:03Z,bank-ly7om,Beeped Survey 3,70,56,N/A,33,NA,50,N/A,1,1,NA,11,29,NA,NA,N/A,2,NA,N/A,4D9C434D-D283-4746-B3F0-027331FE673E,N/A,N/A,N/A,N/A,N/A,N/A,2022-02-04 17:20:00,"iPhone12,3",iOS 15.2.1,NA,N/A,9999_ucr
2022-02-04T21:24:04Z,2022-02-04T18:24:03Z,bank-ly7om,Beeped Survey 3,33,81,N/A,30,NA,54,N/A,1,1,NA,7,34,NA,NA,N/A,5,NA,N/A,9F465C2A-620F-43CD-8278-B4740D1D50E0,N/A,N/A,N/A,N/A,N/A,N/A,N/A,"iPhone12,3",iOS 15.2.1,NA,N/A,9999_ucr
2022-02-06T16:39:56Z,2022-02-06T16:39:54Z,drank-as4nj,Beeped Survey 3,0.00,N/A,"4,5",100.00,NA,N/A,N/A,7,"2,3,4",N/A,"2,4,6,8,10,12",50.00,NA,N/A,N/A,1,N/A,779c051f-76cc-4b1b-8a06-a2ec05248f8b,dea482b8-ec1c-4240-a34d-8de5abbfcc40,N/A,322c58ec-5522-4f1c-9241-a0dff0a50b19,2,N/A,03606e5c-98f5-42ff-a0d3-11b393394007,N/A,N/A,Mi A2,8.1.0,NA,N/A,UploadCheck
2022-02-06T16:39:56Z,2022-02-06T16:39:56Z,fezzy-w56m0,Beeped Survey 3,100.00,12.00,N/A,0.00,NA,87.00,N/A,3,"4,5,6",N/A,"1,3,5",37.00,NA,N/A,N/A,6,N/A,30384012-e49f-484f-bd03-a74fb0a0d1c7,c6e45683-d5c8-4e0d-91ec-d76607208a56,N/A,dfa099d0-00c9-4492-8886-161d429abcf9,2,N/A,599b3174-b5fa-47e8-bd0f-0e014394e815,N/A,N/A,SM-G970U,11,NA,N/A,S10e_06Feb2022
2022-02-08T11:25:44Z,2022-02-08T19:14:22Z,allee-vc51p,Beeped Survey 3,58.00,N/A,N/A,N/A,NA,N/A,N/A,N/A,N/A,N/A,N/A,N/A,NA,N/A,N/A,N/A,N/A,N/A,N/A,N/A,N/A,N/A,N/A,N/A,N/A,2022-02-08 19:14:15,SM-G950U,9,NA,N/A,"test, test"
2022-02-08T11:57:43Z,2022-02-08T11:57:43Z,allee-vc51p,Beeped Survey 3,64.00,N/A,N/A,N/A,NA,N/A,N/A,N/A,N/A,N/A,N/A,N/A,NA,N/A,N/A,N/A,N/A,N/A,N/A,N/A,N/A,N/A,N/A,N/A,N/A,N/A,SM-G950U,9,NA,N/A,"test, test"
2022-02-09T00:13:49Z,2022-02-08T21:13:49Z,bulky-uw0ou,Beeped Survey 3,0,62,N/A,63,NA,58,N/A,1,4,NA,7,11,NA,NA,N/A,5,NA,E6486438-4A3C-472B-8DAE-7B0F9C3C9671,B35223A7-6B81-465F-BB84-96B52D398DD8,NA,5B7530E7-AC74-4A8B-B059-696F974402B7,2,N/A,0FD30576-812B-42F1-BC71-FAE7CEBF0B98,N/A,N/A,"iPhone12,1",iOS 14.8.1,NA,N/A,9999_ucr
